Van't Kruijs Opening,3995
Owen Defense,3192
Scandinavian Defense: Mieses-Kotroc Variation,2300
Modern Defense,1982
Horwitz Defense,1952
French Defense: Knight Variation,1834
Hungarian Opening,1785
Queen's Pawn Game: Chigorin Variation,1746
Philidor Defense #3,1708
Sicilian Defense: Bowdler Attack,1706
Scandinavian Defense,1621
Caro-Kann Defense,1587
Queen's Pawn Game #2,1526
Sicilian Defense,1488
Bishop's Opening,1375
King's Pawn Game: Wayward Queen Attack,1338
Queen's Pawn Game,1264
Philidor Defense #2,1225
English Defense #2,1207
Scotch Game,1120
King's Pawn Game: Leonardis Variation,1007
Queen's Pawn Game: Zukertort Variation,1006
Sicilian Defense: Old Sicilian,999
Pirc Defense #4,951
Queen's Pawn,902
French Defense: Normal Variation,863
Ruy Lopez: Steinitz Defense,853
Bishop's Opening: Berlin Defense,832
Sicilian Defense: McDonnell Attack,808
Italian Game: Anti-Fried Liver Defense,769
Queen's Gambit Declined,753
Indian Game,717
Italian Game,690
French Defense #2,652
Bird Opening,619
Four Knights Game: Italian Variation,607
Saragossa Opening,590
Old Benoni Defense,573
Sicilian Defense: Smith-Morra Gambit #2,569
Queen's Pawn Game: Mason Attack,567
Mieses Opening,563
French Defense: Exchange Variation,551
Queen's Gambit Refused: Marshall Defense,550
Three Knights Opening,546
Philidor Defense,533
French Defense: La Bourdonnais Variation,514
Rat Defense: Small Center Defense,506
Queen's Gambit Accepted,498
Robatsch (Modern) Defense,443
Scandinavian Defense: Main Line,434
English Opening: The Whale,432
Queen's Pawn Game #3,412
King's Knight Opening: Normal Variation,411
King's Pawn Game,386
Nimzo-Larsen Attack,382
Queen's Gambit Accepted: Old Variation,377
Bird Opening: Dutch Variation,373
Center Game: Normal Variation,373
Sicilian Defense: French Variation,369
King's Pawn Game: McConnell Defense,369
"King's Gambit Accepted, MacLeod Defense",366
"King's Gambit Declined, Queen's Knight Defense",366
King's Gambit,364
English Opening: King's English Variation,363
French Defense: Advance Variation #3,359
Nimzowitsch Defense,354
King's Pawn Game: Napoleon Attack,347
Sicilian Defense: Staunton-Cochrane Variation,345
Russian Game: Three Knights Game,342
Russian Game: Urusov Gambit,337
King's Knight Opening,335
Danish Gambit,335
English Opening,328
Polish Opening,326
Vienna Game,326
Giuoco Piano,325
Englund Gambit,321
Center Game #2,321
King's Pawn Game: Busch-Gass Gambit,319
"Nimzowitsch Defense: Kennedy Variation, Linksspringer Variation",314
King's Pawn Game: Damiano Defense,312
English Opening: Agincourt Defense,310
French Defense: Steinitz Attack,309
"English Opening: King's English Variation, Reversed Sicilian",302
Sicilian Defense: Alapin Variation,302
French Defense: King's Indian Attack,294
Caro-Kann Defense: Advance Variation,294
St. George Defense,288
Philidor Defense: Exchange Variation #2,287
Bishop's Opening: Boi Variation,286
Caro-Kann Defense: Hillbilly Attack,284
Pirc Defense #5,283
Ruy Lopez: Cozio Defense,282
Slav Defense,277
Old Indian Defense,276
"Englund Gambit Declined, Reversed French",276
Queen's Pawn Game: Colle System,274
Elephant Gambit,271
"Italian Game: Two Knights Defense, Modern Bishop's Opening",271
Scandinavian Defense: Modern Variation #2,267
Ruy Lopez: Berlin Defense #2,265
Zukertort Opening: Queen's Gambit Invitation,258
Benoni Defense: Benoni Gambit Accepted,257
Hungarian Opening: Slav Formation,255
Slav Defense #2,254
Queen's Gambit Declined: Queen's Knight Variation,252
Italian Game: Schilling-Kostic Gambit,252
"King's Gambit Accepted, King's Knight Gambit",250
"French Defense: Advance Variation, Nimzowitsch System",249
French Defense: Queen's Knight,249
Alekhine Defense,249
"Italian Game: Giuoco Pianissimo, Normal",248
English Opening: Anglo-Scandinavian Defense,247
Sicilian Defense: Nyezhmetdinov-Rossolimo Attack,245
Nimzo-Larsen Attack: Classical Variation,244
Ruy Lopez,244
"Nimzowitsch Defense: Scandinavian Variation, Advance Variation",243
Dutch Defense,240
Ruy Lopez: Classical Variation,239
Zukertort Opening: Sicilian Invitation,237
Zukertort Opening: Tennison Gambit,230
Sicilian Defense: Closed Variation,229
Mikenas Defense,228
Philidor Defense: Exchange Variation,227
King's Pawn Game: Maroczy Defense,222
Hungarian Opening: Catalan Formation,222
"King's Gambit Accepted, Fischer Defense",221
Sicilian Defense: Loewenthal Variation,218
Caro-Kann Defense: Exchange Variation,218
Hungarian Opening: Symmetrical Variation,213
"King's Pawn Game: Wayward Queen Attack, Kiddie Countergambit",210
Semi-Slav Defense,209
Queen's Gambit Declined: Normal Defense,204
Ponziani Opening,201
Queen's Pawn Game: Levitsky Attack,199
Queen's Gambit Declined: Three Knights Variation,198
Italian Game: Giuoco Pianissimo,196
Kadas Opening,195
Scotch Game: Classical Variation,193
"Sicilian Defense: Closed Variation, Traditional",192
Vienna Game: Stanley Variation,190
Queen's Pawn Game: Franco-Sicilian Defense,189
Four Knights Game: Scotch Variation Accepted,187
Sicilian Defense: Open #3,183
Queen's Pawn Game: Symmetrical Variation,183
Van Geet Opening,178
Philidor Defense #4,177
Colle System,177
Petrov's Defense,175
"French Defense: Advance Variation, Paulsen Attack",174
Ruy Lopez: Bird Variation,174
"Italian Game: Giuoco Pianissimo, Italian Four Knights Variation",173
Ruy Lopez: Exchange Variation,173
Semi-Slav Defense: Accelerated Move Order,171
English Opening: Great Snake Variation,169
"English Opening: King's English Variation, Two Knights Variation",169
King's Indian Attack,166
Zukertort Opening: Queenside Fianchetto Variation,166
Queen's Pawn Game: Krause Variation,164
Scandinavian Defense: Gubinsky-Melts Defense,160
Sicilian Defense: Wing Gambit,160
King's Pawn Game: Macleod Attack,159
French Defense: Advance Variation,158
Bishop's Opening: Philidor Counterattack,153
Nimzo-Larsen Attack: Symmetrical Variation,152
Hungarian Opening: Sicilian Invitation,151
Queen's Pawn Game: Anti-Torre,151
Nimzo-Larsen Attack: Modern Variation #2,151
Ponziani Opening: Jaenisch Counterattack,150
Polish Defense,149
Queen's Gambit,148
Grob Opening,147
Pirc Defense: Classical Variation,143
Sicilian Defense: Closed,142
French Defense: Advance Variation #2,141
"Nimzowitsch Defense, Declined Variation",140
"Italian Game: Two Knights Defense, Knight Attack, Normal Variation",140
Sicilian Defense: Lasker-Dunne Attack,139
French Defense: Advance Variation #4,139
Sicilian Defense: Smith-Morra Gambit,138
English Opening: Caro-Kann Defensive System,137
Dutch Defense: Queen's Knight Variation,136
"English Opening: Symmetrical Variation, Normal Variation",136
Petrov's Defense #2,136
Gedult's Opening,136
Franco-Benoni Defense,135
Queen's Gambit Refused: Austrian Defense,135
"Caro-Kann Defense: Advance Variation, Short Variation",135
Zukertort Opening: Black Mustang Defense,134
Rat Defense: Harmonist,134
King's Pawn Game: Nimzowitsch Defense,134
Slav Defense #3,134
Benoni Defense: Old Benoni,133
Semi-Slav Defense: Main Line,132
Queen's Gambit Refused: Baltic Defense,131
Zukertort Opening: Pirc Invitation,130
Mieses Opening: Reversed Rat,129
Sicilian Defense: Paulsen Variation,127
Indian Game: Budapest Defense,127
Slav Defense: Three Knights Variation,127
English Opening: Symmetrical Variation,125
Four Knights Game,125
"King's Gambit Accepted, Stamma Gambit",125
Sicilian Defense: Marshall Counterattack,125
Queen's Pawn Game: London System,124
"Sicilian Defense: Paulsen Variation, Normal Variation",123
"English Opening: King's English Variation, Reversed Closed Sicilian",121
Sicilian Defense: Open,119
Slav Defense: Exchange Variation,119
Sicilian Defense #2,118
French Defense: Rubinstein Variation,117
Sicilian Defense: Delayed Alapin,116
Englund Gambit Complex: Englund Gambit,116
Vienna Game: Max Lange Defense,116
"Ruy Lopez: Morphy Defense, Caro Variation",116
Four Knights Game: Gunsberg Variation,114
Dutch Defense: Rubinstein Variation,114
Philidor Defense: Exchange Variation #3,113
"King's Gambit Accepted, Cunningham Defense",113
King's Pawn Opening: 2.b3,113
Queen's Gambit Accepted: Saduleto Variation,113
Englund Gambit Complex Declined,112
Sicilian Defense: Hyperaccelerated Dragon,112
Nimzo-Indian Defense #2,111
Nimzo-Larsen Attack: Modern Variation #3,111
Colle System #2,111
Italian Game: Two Knights Defense,111
Caro-Kann Defense: Breyer Variation,110
Latvian Gambit Accepted,109
Nimzowitsch Defense: Franco-Nimzowitsch Variation,108
Bishop's Opening: Vienna Hybrid,107
Alekhine Defense: Scandinavian Variation,105
"Sicilian Defense: Accelerated Dragon, Modern Variation",105
French Defense: Steiner Variation,105
"King's Gambit Accepted, Schallopp Defense",105
Nimzo-Larsen Attack: Modern Variation #4,104
Scotch Game: Schmidt Variation,103
Italian Game: Classical Variation #2,103
Philidor Defense: Hanham Variation,102
Four Knights Game: Spanish Variation,101
French Defense: Mediterranean Defense,101
Sicilian Defense: Katalimov Variation,101
Alekhine Defense: Maroczy Variation,101
Sicilian Defense: Najdorf Variation,100
Russian Game: Damiano Variation,100
Pirc Defense,100
French Defense: Two Knights Variation,99
Nimzo-Indian Defense: Ragozin Variation,98
Zukertort Opening: Kingside Fianchetto,98
Indian Game: East Indian Defense,97
Sicilian Defense: Delayed Alapin Variation,96
Scandinavian Defense: Boehnke Gambit,96
Blackmar-Diemer Gambit,96
Queen's Gambit Declined: 4.Bg5 Be7,96
English Opening: Anglo-Indian Defense,96
Owen Defense: Smith Gambit,95
Queen's Gambit Refused: Chigorin Defense #3,95
"French Defense: Exchange Variation, Monte Carlo Variation",93
Queen's Pawn Game: Stonewall Attack,93
Nimzo-Larsen Attack: English Variation,92
King's Pawn Game: Beyer Gambit,90
Queen's Gambit Refused: Albin Countergambit,90
Scotch Game: Scotch Gambit,90
Sicilian Defense: Franco-Sicilian Variation,90
Slav Defense: Modern Line,89
Goldsmith Defense,88
Three Knights Opening #2,88
Caro-Kann Defense: Two Knights Attack,87
"Queen's Pawn Game: Veresov Attack, Classical Defense",87
King's Pawn Game: Tayler Opening,86
King's Indian Defense,85
Alekhine Defense: Two Pawn Attack,85
Canard Opening,84
"Ruy Lopez: Exchange Variation, Lutikov Variation",84
Danish Gambit Accepted,84
Old Benoni Defense #2,84
Vienna Game: Anderssen Defense,84
Petrov: Modern Attack,83
King's Pawn Game: King's Head Opening #2,82
"Queen's Pawn Game: Colle System, Anti-Colle",82
Yusupov-Rubinstein System,80
Reti Opening,79
Zukertort Opening: Reversed Mexican Defense,79
Four Knights Game: Scotch Variation,79
Duras Gambit,79
Modern Defense: Three Pawns Attack,78
Barnes Defense,78
Modern Defense: Geller's System,78
French Defense: Reti-Spielmann Attack,78
Reti Opening #2,78
Center Game,78
Caro-Kann Defense: Classical Variation,77
Modern Defense: Two Knights Variation,77
"English Opening: Anglo-Indian Defense, Queen's Knight Variation",77
Sicilian Defense: Hyperaccelerated Fianchetto,77
Sicilian Defense: Open #2,76
Englund Gambit Complex: Hartlaub-Charlick Gambit,76
Alekhine Defense: Normal Variation,75
"Modern Defense: Two Knights Variation, Suttles Variation",73
"Scotch Game: Classical Variation, Intermezzo Variation",73
French Defense: Marshall Variation,73
"Queen's Gambit Accepted: Central Variation, Greco Variation",73
Indian Game: Anti-Nimzo-Indian,73
Elephant Gambit: Paulsen Countergambit,73
"Ruy Lopez: Berlin Defense, Improved Steinitz Defense",73
Anderssen Opening,73
Nimzowitsch Defense: Williams Variation,73
Bird Opening: From's Gambit,73
Queen's Pawn Game: Anglo-Slav Opening,72
Sicilian Defense: Accelerated Dragon,71
Portuguese Opening,71
"Sicilian Defense: Canal Attack, Main Line",70
Torre Attack #2,70
"Italian Game: Classical Variation, Giuoco Pianissimo",70
Alekhine Defense #2,70
"Italian Game: Two Knights Defense, Fried Liver Attack",70
"Ruy Lopez: Berlin Defense, Beverwijk Variation",70
Dutch Defense: Raphael Variation,70
Vienna Game: Vienna Gambit,70
Modern Defense: Mongredien Defense #2,69
"Nimzowitsch Defense: Scandinavian Variation, Exchange Variation",68
English Defense,68
Queen's Gambit Declined: Vienna Variation,67
Budapest Defense: Adler Variation,67
"English Opening: Anglo-Indian Defense, Hedgehog System",67
"English Opening: Symmetrical Variation, Two Knights Variation",66
Queen's Gambit Declined: Modern Variation,66
Blackmar-Diemer Gambit: Ryder Gambit,66
Zukertort Opening: Slav Invitation,66
Trompowsky Attack,66
Sicilian Defense: Four Knights Variation,65
"Sicilian Defense: Nyezhmetdinov-Rossolimo Attack, Fianchetto Variation",65
"Scotch Game: Goering Gambit, Double Pawn Sacrifice",65
"Queen's Gambit Refused: Chigorin Defense, Janowski Variation",65
"Ruy Lopez: Morphy Defense, Anderssen Variation",65
Gunderam Defense,65
"English Opening: King's English Variation, Kramnik-Shirov Counterattack",64
Scotch Game: Haxo Gambit,64
King's Gambit Accepted: Modern Defense #2,64
"Italian Game: Classical Variation, Greco Gambit, Traditional Line",63
Sicilian Defense: Snyder Variation,63
"King's Gambit Declined, Classical Variation",62
Queen's Gambit Refused: Chigorin Defense,62
Indian Game: Wade-Tartakower Defense,62
"Queen's Pawn Game: Veresov Attack, Alburt Defense",62
Nimzo-Indian Defense,62
King's Indian Attack: French Variation,61
"Italian Game: Classical Variation, Albin Gambit",61
East Indian Defense,61
Ware Defense,61
Center Game: Paulsen Attack Variation,60
Queen's Gambit Refused: Chigorin Defense #2,60
King's Pawn Game: Mengarini's Opening,60
"Sicilian Defense: Najdorf Variation, English Attack",59
"Four Knights Game: Spanish Variation, Classical Variation",59
King's Pawn Game: Dresden Opening,58
Queen's Gambit Accepted: Accelerated Mannheim Variation,58
Four Knights Game: Double Spanish,58
Latvian Gambit,58
French Defense: Horwitz Attack,58
Scandinavian Defense: Panov Transfer,58
Nimzowitsch Defense: Pseudo-Spanish Variation,58
"French Defense: Classical Variation, Steinitz Variation",57
"Sicilian Defense: Accelerated Dragon, Exchange Variation",57
Russian Game: Cozio (Lasker) Attack,57
"Vienna Game: Stanley Variation, Reversed Spanish",56
"Italian Game: Two Knights Defense, Polerio Defense, Bishop Check Line",56
"Queen's Gambit Refused: Chigorin Defense, Exchange Variation",56
Scotch Game: Relfsson Gambit,56
Hungarian Opening: Indian Defense,56
Zukertort Opening: Dutch Variation,56
"Queen's Pawn Opening: Veresov Attack, Irish Gambit",56
Vienna Game: Zhuravlev Countergambit #2,56
Scandinavian Defense: Blackburne Gambit,55
English Opening: Carls-Bremen System,54
Carr Defense,54
Bishop's Opening: Ponziani Gambit,54
Nimzowitsch Defense: Mikenas Variation,54
"King's Indian Defense: Normal Variation, King's Knight Variation",54
Indian Game: Tartakower Attack,53
"Bishop's Opening: Vienna Hybrid, Spielmann Attack",53
Queen's Gambit Accepted: Showalter Variation,52
French Defense: Paulsen Variation,52
Caro-Kann Defense: Main Line,52
"Ruy Lopez: Classical Variation, Zukertort Gambit",52
"Queen's Gambit Accepted: Central Variation, Modern Defense",52
Vienna Game: Falkbeer Variation,52
"Queen's Gambit Declined: Modern Variation, Normal Line",52
Sicilian Defense: Classical Variation,52
"King's Gambit Accepted, Bishop's Gambit",51
Vienna Game: Mengarini Variation,51
"Sicilian Defense: French Variation, Open",51
"Englund Gambit Declined, Reversed Alekhine",51
"Ruy Lopez: Classical Variation, Central Variation",51
Queen's Gambit Accepted: Rosenthal Variation,51
"King's Gambit Accepted, Modern Defense",50
Van Geet Opening: Reversed Nimzowitsch,50
"King's Gambit, Falkbeer Countergambit, Staunton Line",50
English Opening: Anglo-Dutch Defense,50
"Queen's Gambit Declined: Semi-Tarrasch Defense, Pillsbury Variation",50
"Queen's Gambit Refused: Chigorin Defense, Main Line",50
Queen's Gambit Accepted: Normal Variation,50
King's Knight Opening: Konstantinopolsky,50
"Queen's Gambit Declined: Tarrasch Defense, Pseudo-Tarrasch",50
Dutch Defense: Normal Variation,49
Caro-Kann Defense #2,49
Zukertort Opening: Ross Gambit,49
Caro-Kann Defense: Panov Attack #2,49
Zukertort Opening: Old Indian Attack,49
Ruy Lopez: Nuernberg Variation,49
Indian Game: Pawn Push Variation,49
Philidor Defense: Morphy Gambit,49
"Italian Game: Two Knights Defense, Knight Attack",49
Ware Opening,48
"Slav Defense: Slav Gambit, Alekhine Attack",47
"French Defense: Advance Variation, Euwe Variation",47
Pirc Defense #2,47
Modern Defense: Standard Line,46
Nimzo-Larsen Attack: Indian Variation,46
"Queen's Pawn Game: Symmetrical Variation, Pseudo-Catalan",46
Torre Attack,45
English Opening: Anglo-Lithuanian Variation,45
Queen's Gambit Declined: Exchange Variation,45
Sicilian Defense: Dragon Variation,45
"King's Indian Defense: Normal Variation, Rare Defenses",45
Italian Game: Hungarian Defense,45
Nimzo-Larsen Attack: Modern Variation,45
Nimzowitsch Defense: Kennedy Variation,44
"Sicilian Defense: Kan Variation, Knight Variation",44
Alekhine Defense: Exchange Variation,44
"Scandinavian Defense: Main Line, Mieses Variation",44
Semi-Slav Defense: Noteboom Variation,44
"Italian Game: Two Knights Defense, Traxler Counterattack, Knight Sacrifice Line",44
"Danish Gambit Accepted, Classical Defense",44
Reti Opening: Reti Accepted,43
"English Opening: Symmetrical Variation, Fianchetto Variation",43
Hungarian Opening: Reversed Modern Defense,43
Sicilian Defense: Grand Prix Attack,43
Clemenz Opening,43
Nimzo-Indian Defense: Three Knights Variation,43
Benoni Defense: King's Pawn Line,42
Polish Opening: Czech Defense,42
"King's Gambit Accepted, Becker Defense",42
French Defense: Franco-Hiva Gambit I,41
Sicilian Defense: Chekhover Variation,41
Tarrasch Defense: Symmetrical Variation,41
Sicilian Defense: Canal-Sokolsky Attack,41
Alekhine Defense: John Tracy Gambit,41
"Russian Game: Modern Attack, Symmetrical Variation #2",40
Sicilian Defense: Paulsen-Basman Defense,40
Scandinavian Defense: Icelandic-Palme Gambit,40
Colle System: Traditional Colle,40
Bird Opening: Williams Gambit,40
"Nimzowitsch Defense: Scandinavian Variation, Exchange Variation, Marshall Gambit",39
Queen's Pawn Game: Torre Attack,39
Indian Game: West Indian Defense,39
"Italian Game: Giuoco Pianissimo, Canal Variation",38
Tarrasch Defense,38
"Sicilian Defense: Modern Variations, Main Line",38
"English Opening: Four Knights System, Nimzowitsch Variation",38
"King's Gambit, Falkbeer Countergambit Accepted",38
Sicilian Defense: Kalashnikov Variation,38
Modern Defense: Averbakh Variation,38
Blumenfeld Countergambit #2,38
Queen's Gambit Declined: Traditional Variation,37
"Sicilian Defense: Najdorf, Lipnitsky Attack",37
"French Defense: Advance, Steinitz Variation",37
Scandinavian Defense: Marshall Variation,37
Alekhine Defense: Mokele Mbembe,37
"Queen's Pawn Opening: Veresov, Richter Attack",37
"Alekhine Defense: Two Pawn Attack, Lasker Variation",37
English Opening: Agincourt Defense #2,37
Center Game: Berger Variation,37
Sicilian Defense: Kramnik Variation,37
Pirc Defense #3,36
King's Pawn,36
"Danish Gambit Declined, Sorensen Defense",36
King's Gambit Declined: Keene's Defense #2,36
Caro-Kann Defense: Rasa-Studier Gambit,36
Semi-Bononi,36
Dutch Defense: Classical Variation,36
"Queen's Gambit Accepted: Central Variation, Alekhine System",35
Sicilian Defense: Closed #2,35
"Sicilian Defense: Closed Variation, Fianchetto Variation",35
"Queen's Gambit Declined: Exchange Variation, Positional Variation #2",35
Blackmar-Diemer Gambit: Gedult Gambit,35
Semi-Slav Defense: Normal Variation,35
French Defense: Franco-Hiva Gambit II,34
King's Indian Defense: Normal Variation,34
English Opening: Agincourt Defense #3,34
"Italian Game: Two Knights Defense, de Riviere Gambit",34
Philidor Defense: Nimzowitsch Variation,34
Benoni Defense: Hromadka System,34
Center Game: Hall Variation,34
Paleface Attack,34
King's Indian Defense: Orthodox Variation,33
"Italian Game: Classical Variation, La Bourdonnais Variation",33
"Danish Gambit Accepted, Copenhagen Defense",33
Nimzo-Indian Defense: Leningrad Variation,33
French Defense,33
"Slav Defense: Quiet Variation, Pin Defense",33
"Sicilian Defense: Lasker-Pelikan Variation, Schlechter Variation",32
"Sicilian Defense: Modern Variations, Tartakower",32
"Sicilian Defense: Accelerated Dragon, Maroczy Bind",32
King's Indian Defense: Four Pawns Attack,32
Benoni Defense: Modern Variation,32
French Defense: Bird Invitation,32
Reti Opening: Advance Variation,32
King's Pawn Game: Gunderam Gambit,32
Queen's Gambit Declined: Semi-Tarrasch Defense,31
"Trompowsky Attack: Classical Defense, Big Center Variation",31
King's Gambit: Panteldakis Countergambit,31
King's Indian Defense: Zinnowitz Variation,31
Indian Game: Seirawan Attack,31
Center Game: Kieseritzky Variation #4,31
Modern Defense: Standard Defense,30
"Gruenfeld Defense: Three Knights Variation, Burille Variation",30
Benoni Defense: Benoni-Indian Defense,30
Philidor Defense: Lopez Countergambit,30
"Scotch Game: Scotch Gambit, Advance Variation",30
Borg Defense,30
Slav Defense: Modern,30
"Ruy Lopez: Morphy Defense, Graz Variation",30
"Vienna Game: Stanley Variation, Three Knights Variation",30
Richter-Veresov Attack,30
"Sicilian Defense: Najdorf Variation, Opocensky Variation",30
Gruenfeld Defense,30
Gruenfeld Defense: Exchange Variation,30
Mexican Defense,30
Indian Game: London System,30
"Caro-Kann Defense: Accelerated Panov Attack, Open Variation",29
Four Knights Game: Halloween Gambit,29
"Queen's Gambit Declined: Orthodox Defense, Botvinnik Variation",29
Rat Defense: English Rat,29
"French Defense: Winawer Variation, Advance Variation",29
"Queen's Gambit Refused: Chigorin Defense, Modern Gambit",29
"Ruy Lopez: Marshall Attack, Steiner Variation",29
Sicilian Defense: Scheveningen Variation,28
"Four Knights Game: Italian Variation, Noa Gambit",28
Caro-Kann Defense: Tartakower Variation,28
"Alekhine Defense: Scandinavian Variation, Geschev Gambit",28
"Italian Game: Two Knights Defense, Fritz Variation",28
Sicilian Defense: Jalalabad Variation,28
Kangaroo Defense,28
Rat Defense: Antal Defense,28
Queen's Indian Accelerated,28
Scandinavian Defense: Kloosterboer Gambit,28
Pirc Defense: Byrne Variation,28
Bishop's Opening: Philidor Variation,27
Queen's Gambit Declined: Barmen Variation,27
Ruy Lopez: Berlin Defense,27
"Nimzowitsch Defense: Kennedy Variation, Paulsen Attack",27
"French Defense: Exchange Variation, Svenonius Variation",27
"Ruy Lopez: Morphy Defense, Modern Steinitz Defense",27
Scotch Game: Lolli Variation,27
Four Knights Game: Ranken Variation,27
"Queen's Gambit Accepted: Central Variation, McDonnell Defense",26
King's Gambit Accepted: King Knight's Gambit,26
"French Defense: Advance Variation, Milner-Barry Gambit",26
"Gruenfeld Defense: Exchange Variation, Modern Exchange Variation",26
Blackmar-Diemer Gambit: Zeller Defense,26
Catalan Opening: Closed Variation,26
Englund Gambit Complex: Felbecker Gambit,26
King's Indian Attack: Sicilian Variation,26
"Sicilian Defense: French Variation, Normal",26
"Ruy Lopez: Morphy Defense, Tarrasch Variation",26
"Caro-Kann Defense: Advance Variation, Botvinnik-Carls Defense",26
French Defense: Schlechter Variation,25
"Ruy Lopez: Exchange Variation, Gligoric Variation",25
King's Indian Defense: Smyslov Variation,25
Alekhine Defense: Brooklyn Variation,25
"Danish Gambit Accepted, Schlechter Defense",25
"English Opening: Anglo-Indian Defense, King's Knight Variation",25
Alekhine Defense: The Squirrel,25
"Scotch Game: Scotch Gambit, Goering Gambit Declined",25
"Sicilian Defense: French Variation, Westerinen Attack",25
Queen's Gambit Declined: Orthodox Defense,24
Queen's Pawn Game: Steinitz Countergambit,24
"English Opening: King's English Variation, Two Knights Variation, Smyslov System",24
"Queen's Gambit Accepted: Normal Variation, Traditional System",24
"Queen's Gambit Declined: Vienna Variation, Quiet Variation",24
Center Game: Kieseritzky Variation #2,24
Budapest Defense,24
Rat Defense: Accelerated Gurgenidze,24
Slav Indian,24
Indian Game: Omega Gambit,24
Caro-Kann Defense: Accelerated Panov Attack #2,24
Bishop's Opening: Calabrese Countergambit,24
Philidor Defense: Nimzowitsch Variation #2,24
"King's Gambit Accepted, Bishop's Gambit, Maurian Defense",24
Zukertort Opening,24
"King's Gambit Declined, Keene Defense",24
"Queen's Gambit Refused: Baltic Defense, Pseudo-Slav",23
Three Knights Opening: Winawer Defense,23
"Sicilian Defense: Dragon Variation, Yugoslav Attack, Modern Line",23
Modern Defense: Bishop Attack,23
"English Opening: King's English Variation, Two Knights Variation, Keres Variation",23
"Queen's Gambit Refused: Albin Countergambit, Normal Line",23
"Nimzowitsch Defense: Scandinavian Variation, Bogoljubov Variation",23
Semi-Slav Defense: Marshall Gambit,23
King's Indian Defense: Six Pawns Attack,23
Scotch Game: Goering Gambit,23
Center Game Accepted,23
"Nimzo-Indian Defense: Saemisch Variation, Accelerated",22
Zukertort Opening: Vos Gambit,22
Benoni Defense,22
Guatemala Defense,22
"Philidor Defense: Nimzowitsch Variation, Klein Variation",22
English Opening: Mikenas-Carls Variation #2,22
"Queen's Gambit Declined: Neo-Orthodox Variation, Main Line",22
Queen's Gambit Declined: Harrwitz Attack,22
Blackmar-Diemer Gambit: Netherlands Variation,22
"King's Gambit Declined, Classical Variation #2",22
King's Indian Attack: Symmetrical Defense,22
Alekhine Defense: Krejcik Variation,22
Sicilian Defense: Hyperaccelerated Pterodactyl,22
Scotch Game: Malaniuk Variation,21
"French Defense: Winawer Variation, Delayed Exchange Variation",21
Trompowsky Attack: Classical Defense,21
"English Opening: Symmetrical Variation, Symmetrical Variation",21
King's Gambit Declined: Falkbeer Countergambit,21
St. George Defense: Polish Variation,21
Philidor Defense: Philidor Countergambit,21
Caro-Kann Defense: Gurgenidze System,21
Englund Gambit Complex: Soller Gambit,21
Blackmar-Diemer Gambit: Ziegler Defense,21
"King's Gambit, Falkbeer Countergambit, Blackburne Attack",20
Scotch Game: Mieses Variation,20
Sicilian Defense: Smith-Morra Gambit Deferred,20
King's Indian Attack: Keres Variation #2,20
Van Geet Opening: Napoleon Attack,20
"Sicilian Defense: Smith-Morra Gambit Accepted, Fianchetto Defense",20
Italian Game: Rousseau Gambit,20
Russian Game: Stafford Gambit,20
Scotch Game: Benima Defense,20
Blackmar-Diemer Gambit: Teichmann Variation,20
"Sicilian Defense: Scheveningen Variation, Classical Variation",20
Queen's Indian Defense,20
Rat Defense: Balogh Defense,20
"Italian Game: Classical Variation, Greco Gambit, Moeller-Therkatz Attack",20
"Caro-Kann Defense: Advance Variation, Van der Wiel Attack",20
"Caro-Kann Defense: Classical Variation, Main Line",20
"King's Gambit Accepted, Blachly Gambit",20
"Ruy Lopez: Morphy Defense, Neo-Arkhangelsk Variation",19
Slav Defense: Schlechter Variation,19
Zukertort Opening: Arctic Defense,19
French Defense: Franco-Hiva Gambit III,19
"Italian Game: Giuoco Piano, Greco's Attack",19
"Russian Game: Damiano Variation, Kholmov Gambit",19
"Italian Game: Two Knights Defense, Polerio Defense",19
Slav Defense: Quiet Variation,19
"Sicilian Defense: Accelerated Dragon, Modern Bc4 Variation",19
"Sicilian Defense: Lasker-Pelikan Variation, Retreat Variation",19
"Ruy Lopez: Schliemann Defense, Exchange Variation",19
"Pirc Defense: Austrian Attack, Weiss Variation",19
French Defense: Carlson Gambit,19
Sicilian Defense: Nimzowitsch Variation,19
French Defense: Chigorin Variation,18
Zukertort Opening: Wade Defense,18
"King's Pawn Game: Clam Variation, King's Gambit Reversed",18
Italian Game: Classical Variation,18
"French Defense: Winawer Variation, Winckelmann-Riemer Gambit",18
"Sicilian Defense: Dragon Variation, Modern Bc4 Variation",18
Slav Defense: Two Knights Attack,18
"Indian Game: Colle System, King's Indian Variation",18
"English Opening: Anglo-Scandinavian Defense, Malvinas Variation",18
"Alekhine Defense: Four Pawns Attack, Trifunovic Variation",18
Caro-Kann Defense: Accelerated Panov Attack,18
Benko Gambit,18
Alekhine Defense: Balogh Variation,18
Amazon Attack,18
"Sicilian Defense: Nimzowitsch Variation, Advance Variation",18
Hungarian Opening: Reversed Alekhine,18
Ruy Lopez: Spanish Countergambit,18
"Ruy Lopez: Berlin Defense, Rio Gambit Accepted",18
French Defense: Diemer-Duhm Gambit,18
"Gruenfeld Defense: Three Knights Variation, Petrosian System",18
"King's Gambit Accepted, Rosentreter Gambit",18
"Danish Gambit Accepted, Chigorin Defense",18
Czech Defense,18
"French Defense: Tarrasch Variation, Closed Variation",18
Caro-Kann Defense: Bronstein-Larsen Variation,18
"Ruy Lopez: Exchange Variation, King's Bishop Variation",18
"Sicilian Defense: Nimzowitsch Variation, Closed Variation",18
French Defense: Tarrasch Variation,18
Amar Opening,17
"Italian Game: Two Knights Defense, Perreux Variation",17
Caro-Kann Defense: Masi Variation,17
Blackmar-Diemer Gambit: von Popiel Gambit,17
Pirc Defense: Austrian Attack,17
Bishop's Opening: Khan Gambit,17
"Caro-Kann Defense: Advance Variation, Bayonet Attack",17
King's Indian Defense: Semi-Classical Variation,17
Caro-Kann Defense: Euwe Attack,17
"Queen's Pawn Game: Colle System, Gruenfeld Formation",17
"Sicilian Defense: Alapin Variation, Barmen Defense",17
"Scotch Game: Scotch Gambit, Dubois Reti Defense",17
Vienna Game: Omaha Gambit,17
"Sicilian Defense: Four Knights Variation, Exchange Variation",16
Italian Game: Scotch Gambit Declined,16
Budapest Defense: Rubinstein Variation,16
"English Opening: King's English Variation, Nimzowitsch Variation",16
Philidor Defense: Steinitz Variation,16
Modern Defense: Pseudo-Austrian Attack,16
"English Opening: Symmetrical Variation, Duchamp Variation",16
"English Opening: King's English Variation, Two Knights Variation, Reversed Dragon",16
Borg Defense: Borg Gambit,16
Caro-Kann Defense: Maroczy Variation,16
"Alekhine Defense: Modern Variation, Larsen Variation",16
"Queen's Gambit Refused: Austrian Attack, Salvio Countergambit",16
"Italian Game: Classical Variation, Center Attack",16
"Nimzowitsch Defense: Scandinavian Variation, Bogoljubov Variation, Vehre Variation",16
"Sicilian Defense: Scheveningen Variation, English Attack #2",16
Gruenfeld Defense: Stockholm Variation,16
"Queen's Pawn Game: Veresov Attack, Shaviliuk Gambit",16
"Ruy Lopez: Schliemann Defense, Jaenisch Gambit Accepted",16
French Defense: Winawer Variation,16
"Nimzowitsch Defense: Kennedy Variation, de Smet Gambit",16
Scotch Game #3,16
Russian Game: Modern Attack,16
Sicilian Defense: Modern Variations,16
"Sicilian Defense: Paulsen Variation, Szen Variation",15
London System,15
French Defense: Burn Variation,15
Slav Defense: Chameleon Variation,15
Sicilian Defense: Morphy Gambit,15
Barnes Opening: Walkerling,15
Nimzowitsch-Larsen Attack,15
"Ruy Lopez: Morphy Defense, Modern Steinitz Defense #2",15
"King's Gambit Accepted, Abbazia Defense",15
"Ruy Lopez: Morphy Defense, Classical Defense Deferred",15
"King's Gambit Declined: Classical, Soldatenkov Variation",15
King's Pawn Game: Tortoise Opening,15
"Pirc Defense: Classical Variation, Quiet System",15
"Italian Game: Evans Gambit, McDonnell Defense",15
"Queen's Gambit Declined: Semi-Tarrasch, 5.cxd5",15
Dutch Defense: Hopton Attack,15
Scandinavian Defense: Blackburne-Kloosterboer Gambit,15
Caro-Kann Defense: Panov Attack,15
Vienna Game #2,15
Caro-Kann Defense: Goldman Variation,15
Sicilian Defense: Buecker Variation,14
"English Opening: Anglo-Scandinavian Defense, Schulz Gambit",14
French Defense: Perseus Gambit,14
Slav Defense: Alekhine Variation,14
Queen's Gambit Declined: Charousek (Petrosian) Variation,14
Queen's Gambit Accepted: Slav Gambit,14
Queen's Indian Defense: Kasparov Variation,14
Nimzowitsch Defense: French Connection,14
"French Defense: Steinitz Variation, Boleslavsky Variation",14
"Vienna Game: Vienna Gambit, Steinitz Gambit, Knight Variation",14
"King's Gambit Accepted, Polerio Gambit",14
Indian Game: Spielmann-Indian,14
"Ruy Lopez: Exchange Variation, Normal Variation",14
Lion Defense: Lion's Jaw,14
King's Indian Defense: 3.Nc3,14
"Queen's Gambit Declined: Exchange Variation, Positional Variation",14
Van Geet Opening: Gruenfeld Defense,14
"Queen's Gambit Declined: Ragozin Defense, Vienna Variation",14
Dutch Defense: Korchnoi Attack,14
Catalan Opening,14
"King's Gambit Accepted, Traditional Variation",13
Russian Game: Paulsen Attack,13
"King's Gambit Accepted, Hanstein Gambit",13
"King's Gambit Declined, Mafia Defense",13
"Italian Game: Two Knights Defense, Traxler Counterattack, Bishop Sacrifice Line",13
Alekhine Defense #3,13
Queen's Gambit Declined: Lasker Defense,13
English Opening: Anglo-Gruenfeld Defense,13
"Scandinavian Defense: Modern Variation, Gipslis Variation",13
"Blackmar-Diemer Gambit Declined, O'Kelly Defense",13
"Caro-Kann Defense: Advance Variation, Bronstein Variation",13
Latvian Gambit: Mlotkowski Variation,13
Queen's Gambit Accepted: Janowski-Larsen Variation,13
"Four Knights Game: Spanish Variation, Rubinstein Variation",13
"Nimzowitsch Defense: Kennedy Variation, Riemann Defense",13
"Ruy Lopez: Open Variations, Open Variation",13
"King's Indian Defense: Fianchetto Variation, Delayed Fianchetto",13
"King's Indian Defense: Fianchetto Variation, Debrecen Defense",13
Sicilian Defense: Sozin Attack,13
Pirc Defense: Roscher Gambit,13
Blackmar-Diemer Gambit: Euwe Defense,13
Queen's Gambit Declined: Cambridge Springs Variation,13
"Queen's Pawn Game: Veresov Attack, Dutch System",13
"Ruy Lopez: Closed, 8.c3",13
"Modern Defense: Averbakh System, Randspringer Variation",13
Queen's Gambit Declined: Tartakower Defense,13
"Alekhine Defense: Modern Variation, Schmid Variation",13
Nimzo-Indian Defense: Classical Variation,13
"Bird Opening: From's Gambit, Lasker Variation",13
"English Opening: King's English Variation, Four Knights Variation, Fianchetto Line",13
"Sicilian Defense: Alapin Variation, Barmen Defense, Central Exchange",13
"Nimzowitsch Defense: Kennedy Variation, Main Line",12
"Semi-Slav Defense: Noteboom Variation, Anti-Noteboom Gambit",12
"Kangaroo Defense: Keres Defense, Transpositional Variation",12
Indian Game: Reversed Chigorin Defense,12
Tarrasch Defense: Two Knights Variation,12
System: Double Duck Formation,12
"Sicilian Defense: Smith-Morra Gambit Declined, Center Formation",12
"Blackmar-Diemer Gambit Declined, Lamb Defense",12
Zukertort Opening: Quiet System,12
Indian Game: Normal Variation,12
Slav Defense: Geller Gambit #2,12
Alekhine Defense: Four Pawns Attack,12
"French Defense: Winawer Variation, Fingerslip Variation",12
"English Opening: King's English Variation, Three Knights System",12
"Alekhine Defense: Mokele Mbembe, Vavra Defense",12
Ruy Lopez: Vinogradov Variation,12
Ruy Lopez: Morphy Defense,12
"Ruy Lopez: Closed Variations, Closed Defense",12
"Grob Opening: Grob Gambit, Fritz Gambit",12
Old Indian Defense: Two Knights Variation,12
Italian Game: Two Knights Defense #2,12
"Queen's Pawn Game: Veresov Attack, Fianchetto Defense",12
Gruenfeld Defense: Three Knights Variation,12
"King's Gambit Accepted, Bishop's Gambit, Bogoljubov Variation",12
"Queen's Pawn Game: Veresov Attack, Anti-Veresov",12
"Sicilian Defense: Smith-Morra Gambit Declined, Push Variation",12
Nimzowitsch Defense: Breyer Variation,12
"French Defense: Classical Variation, Delayed Exchange Variation",12
Modern Defense: Mongredien Defense,12
Semi-Slav Defense: Quiet Variation,12
Philidor Defense: Larsen Variation,12
Sicilian Defense: Lasker-Pelikan Variation,12
"Queen's Pawn Game: Torre Attack, Gossip Variation",12
Russian Game: French Attack,12
"French Defense: Advance Variation, Main Line",11
Blackmar-Diemer Gambit: Fritz Attack,11
Ruy Lopez: Marshall Attack,11
Three Knights Opening: Steinitz Defense,11
Pirc Defense: Kholmov System,11
"Alekhine Defense: Modern Variation, Alburt Variation",11
Scandinavian Defense: Modern Variation,11
"Sicilian Defense: Dragon Variation, Yugoslav Attack",11
Mikenas Defense: Lithuanian Variation,11
Dutch Defense: Fianchetto Attack,11
Blackmar-Diemer Gambit: Pietrowsky Defense,11
"King's Gambit Declined, Petrov's Defense",11
Ruy Lopez: Closed Variations,11
Old Indian: Czech Variation,11
"Russian Game: Modern Attack, Symmetrical Variation",11
Queen's Indian Defense: Spassky System,11
"English Opening: Symmetrical Variation, Anti-Benoni Variation",11
Blackmar-Diemer Gambit: Vienna Variation,11
"Nimzo-Indian Defense: Classical Variation, Berlin Variation",11
"Italian Game: Scotch Gambit, Janowski Defense",11
"King's Gambit Declined, Norwalde Variation",11
"Caro-Kann Defense: Two Knights Attack, Mindeno Variation",11
"Ruy Lopez: Closed, 7...O-O",11
"Scotch Game: Scotch Gambit, Sarratt Variation",11
"Ruy Lopez: Schliemann Defense, Classical Variation",11
"English Opening: Mikenas-Carls, Sicilian",11
Bogo-Indian Defense: Exchange Variation,11
Nimzo-Indian Defense: St. Petersburg Variation,11
Philidor Defense: Bird Gambit,11
"Italian Game: Scotch Gambit, de Riviere Defense",11
Queen's Gambit Accepted: Deferred Variation,11
Polish Opening: King's Indian Variation,11
Scandinavian Defense: Anderssen Counterattack,11
Scotch Game: Steinitz Variation,11
"Italian Game: Two Knights Defense, Polerio Defense, Bogoljubov Variation",11
"Nimzowitsch Defense: Lean Variation, Colorado Counter Accepted",11
Nimzo-Indian Defense: Saemisch Variation,11
Rubinstein Opening,11
"Alekhine Defense: Modern Variation, Larsen-Haakert Variation",10
"French Defense: MacCutcheon Variation, Tartakower Variation",10
"English Opening: Symmetrical Variation, Two Knights Line",10
King's Gambit Accepted,10
Hippopotamus Defense #2,10
"Sicilian Defense: Kan Variation, Modern Variation",10
"Scotch Game: Goering Gambit, Main Line",10
Nimzowitsch Defense: Scandinavian Variation,10
Semi-Slav Defense: Botvinnik Variation,10
"Nimzo-Indian Defense: Three Knights Variation, Duchamp Variation",10
Sicilian Defense: O'Kelly Variation,10
"French Defense: Alekhine-Chatard Attack, Maroczy Variation",10
"Sicilian Defense: Dragon, 6.Be3",10
"English Opening: Symmetrical Variation, Four Knights Variation",10
Blackmar-Diemer Gambit #2,10
Ruy Lopez: Bird's Defense Deferred,10
Ruy Lopez: Schliemann Defense,10
Sicilian Defense: Brick Variation,10
"Gruenfeld Defense: Three Knights Variation, Paris Variation",10
"Sicilian Defense: Smith-Morra Gambit Accepted, Scheveningen Formation",10
"French Defense: La Bourdonnais Variation, Reuter Gambit",10
Englund Gambit Complex: Stockholm Variation,10
"Ruy Lopez: Exchange Variation, Keres Variation",10
Bird Opening: Schlechter Gambit,10
"Nimzo-Indian Defense: Normal Variation, Ragozin Variation",10
Zukertort Opening: Lisitsyn Gambit,10
"Dutch Defense: Leningrad Variation, Warsaw Variation",10
Bishop's Opening: Urusov Gambit,10
"English Opening: King's English Variation, Four Knights Variation #2",10
"Ruy Lopez: Morphy Defense, Norwegian Variation",10
Sicilian Defense: Pin Variation,10
Center Game: Kieseritzky Variation #3,10
Semi-Slav Defense: Quiet Variation #2,10
"Sicilian Defense: Dragon Variation, Yugoslav Attack, Main Line",10
"English Opening: Symmetrical Variation, Anti-Benoni Variation, Spielmann Defense",10
"French Defense: Rubinstein Variation, Blackburne Defense",10
"Alekhine Defense: Modern Variation, Main Line",10
"Italian Game: Two Knights Defense, Open Variation",9
"King's Gambit, Falkbeer Countergambit, Modern Transfer",9
Queen's Gambit Declined: Tarrasch Defense: 4.cxd5 exd5,9
"Gruenfeld Defense: Three Knights Variation, Hungarian Variation",9
"French Defense: Classical Variation, Normal Variation",9
Semi-Slav Defense: Anti-Moscow Gambit,9
Indian Game: Przepiorka Variation,9
Bogo-Indian Defense: Nimzowitsch Variation,9
"Vienna Game: Vienna Gambit, Main Line",9
Englund Gambit Complex: Soller Gambit Deferred,9
"Italian Game: Scotch Gambit, Max Lange Attack, Spielmann Defense",9
"Sicilian Defense: Najdorf Variation, Adams Attack",9
"Slav Defense: Quiet Variation, Schallopp Defense",9
Queen's Gambit Declined: Alapin Variation,9
"Italian Game: Two Knights Defense, Polerio Defense, Kieseritzky Variation",9
"King's Gambit, Falkbeer Countergambit, Charousek Gambit",9
"Queen's Gambit Declined: Modern, Knight Defense #2",9
Montevideo Defense,9
Wade Defense,9
"Nimzo-Indian Defense: Panov Attack, Main Line",9
Italian Game: Rosentreter Gambit,9
Vienna Game: Mieses Variation,9
Grob Opening: Grob Gambit Declined,9
"Caro-Kann Defense: Panov Attack, Modern Defense, Mieses Line",9
"English Opening: Anglo-Indian Defense, King's Indian Formation",9
"Sicilian Defense: Smith-Morra Gambit Accepted, Paulsen Formation",9
Petrov's Defense #4,9
"Sicilian Defense: McDonnell Attack, Tal Gambit",9
"Ruy Lopez: Berlin Defense, Anderssen Variation",9
King's Pawn Game: King's Head Opening,9
Lemming Defense,9
"Blackmar-Diemer Gambit Declined, Weinsbach Declination",9
Sicilian Defense: Mengarini Variation,9
"English Opening: Anglo-Indian Defense, Scandinavian Defense, Exchange Variation",9
"Pirc Defense: Classical Variation, Schlechter Variation",9
Vienna Game: Paulsen Variation,9
French Defense: Classical Variation,9
"French Defense: Advance Variation, Extended Bishop Swap",9
Sicilian Defense: Kan Variation,9
Sicilian Defense: Keres Variation,9
"Nimzo-Indian Defense: Normal Variation, Bishop Attack",9
French Defense: Wing Gambit,9
Sicilian Defense: Godiva Variation,9
Queen's Gambit Accepted: Winawer Defense,8
"French Defense: Alekhine-Chatard Attack, Breyer Variation",8
Benoni Defense: Cormorant Gambit,8
"Sicilian Defense: Dragon Variation, Yugoslav Attack, Belezky Line",8
Queen's Gambit Accepted: Gunsberg Defense,8
"Italian Game: Scotch Gambit, Anderssen Attack",8
Three Knights Opening: Schlechter Variation,8
"King's Gambit Accepted, Kieseritzky Gambit, Kolisch Defense",8
St. George Defense: Woodchuck Variation,8
"Russian Game: Modern Attack, Center Variation",8
Trompowsky Attack: Edge Variation,8
"Sicilian Defense: Sozin, not Scheveningen",8
Dutch Defense: Staunton Gambit Accepted,8
"Scotch Game: Scotch Gambit, Kingside Variation",8
"Sicilian Defense: Lasker-Pelikan Variation, Exchange Variation",8
Catalan Opening: Open Defense,8
"Ruy Lopez: Open Variations, Bernstein Variation",8
Slav Defense: Steiner Variation,8
Global Opening,8
"Caro-Kann Defense: Classical, Spassky Variation",8
"French Defense: Tarrasch Variation, Open System, Suechting Line",8
"Italian Game: Two Knights Defense, Max Lange Attack",8
"Queen's Gambit Refused: Albin Countergambit, Fianchetto Variation",8
Queen's Pawn Game: Huebsch Gambit,8
French Defense: Steinitz Variation #2,8
Zukertort Opening: Nimzo-Larsen Variation,8
"Old Indian: Czech Variation, with Nc3",8
King's Indian Defense: Makogonov Variation,8
Australian Defense,8
Polish Opening: Baltic Defense,8
"Ruy Lopez: Closed Variations, Martinez Variation",8
Zukertort Opening: Ware Defense,8
"Italian Game: Two Knights Defense, Ulvestad Variation",8
"Italian Game: Evans Gambit, Anderssen Variation",8
"English Opening: Anglo-Indian Defense, Scandinavian Defense",8
Creepy Crawly Formation: Classical Defense,8
"French Defense: Winawer Variation, Poisoned Pawn Variation",8
Ruy Lopez: Morphy Defense #2,8
Sicilian Defense: Boleslavsky Variation,8
"Queen's Gambit Declined: Modern Variation, Heral Variation",8
"Ruy Lopez: Morphy Defense, Steinitz Deferred",8
Philidor Defense: Lion Variation,8
Grob Opening: Grob Gambit,8
Russian Game: Classical Attack,8
"English Opening: Symmetrical Variation, Botvinnik System",8
"French Defense: Advance Variation, Wade Variation",7
"Neo-Gruenfeld Defense: Classical Variation, Original Defense",7
Sicilian Defense: Quinteros Variation,7
"King's Gambit Accepted, Gianutio Countergambit",7
"Caro-Kann Defense: Exchange Variation, Rubinstein Variation",7
Semi-Slav Defense: Accelerated Meran Variation,7
Indian Game: Czech-Indian,7
Indian Game: Maddigan Gambit,7
"Queen's Gambit Declined: Harrwitz Attack, Orthodox Defense",7
"Englund Gambit Declined, Reversed Krebs",7
Petrov's Defense #5,7
"Semi-Slav Defense: Noteboom Variation, Anti-Noteboom Variation",7
"Benoni Defense: Modern Variation, Snake Variation",7
Zukertort Opening: St. George Defense,7
King's Pawn Game: Alapin Opening,7
French Defense: Pelikan Variation,7
"Sicilian Defense: Pin Variation, Koch Variation",7
"French Defense: Alekhine-Chatard Attack, Albin-Chatard Gambit",7
Caro-Kann Defense: Modern Variation,7
Semi-Slav Defense: Bogoljubov Variation,7
"French Defense: Winawer Variation, Alekhine-Maroczy Gambit",7
Ruy Lopez: Columbus Variation,7
Ponziani Opening: Spanish Variation,7
"Caro-Kann Defense: Accelerated Panov Attack, Modern Variation",7
Robatsch Defense,7
"King's Indian Defense: Four Pawns Attack, Dynamic Attack",7
"Englund Gambit Declined, Reversed Mokele Mbembe",7
Polish Opening: Bugayev Attack,7
"Sicilian Defense: Accelerated Fianchetto, Maroczy Bind, 5...Bg7",7
Ruy Lopez: Fianchetto Defense,7
Sicilian Defense: Prins Variation,7
Caro-Kann Defense: Alekhine Gambit,7
Mikenas Defense: Cannstatter Variation,7
Ruy Lopez: Rotary-Albany Gambit,7
"French Defense: Tarrasch Variation, Closed Variation #2",7
Sicilian Defense: Gaw-Paw Variation,7
Ruy Lopez: Closed,7
Nimzo-Indian Defense: Kmoch Variation,7
English Opening: Mikenas-Carls Variation,7
Nimzo-Larsen Attack: Spike Variation,7
"King's Indian Defense: Saemisch Variation, Normal Defense",7
"Benoni Defense: Benoni-Indian Defense, Kingside Move Order",7
"Four Knights Game: Spanish Variation, Rubinstein Variation Accepted",6
King's Indian Attack: Wahls Defense,6
Caro-Kann Defense: von Hennig Gambit,6
"Italian Game: Two Knights Defense, Polerio Defense, Suhle Defense",6
Nimzowitsch Defense: Lean Variation,6
Queen's Gambit Declined: Cambridge Springs Defense: Bogoljubov Variation,6
"Alekhine Defense: Four Pawns Attack, Main Line",6
Bogo-Indian Defense: Wade-Smyslov Variation,6
"English Opening: Anglo-Scandinavian Defense, Loehn Gambit",6
"Gruenfeld Defense: Exchange Variation, Spassky Variation",6
Latvian Gambit: Mason Countergambit,6
"Sicilian Defense: Sozin Attack, Main Line",6
"King's Gambit, Falkbeer Countergambit, Nimzowitsch-Marshall Countergambit",6
"Sicilian Defense: O'Kelly Variation, Yerevan System",6
"Queen's Gambit Declined: Modern, Knight Defense",6
"Sicilian Defense: Scheveningen Variation, Modern Variation #3",6
"King's Gambit Declined: Falkbeer, Milner-Barry Variation",6
Zukertort Opening: Gruenfeld Reversed,6
"Ruy Lopez: Cozio Defense, Paulsen Variation",6
Hungarian Opening: Myers Defense,6
Nimzo-Indian Defense: Huebner Variation,6
"Ruy Lopez: Schliemann Defense, Dyckhoff Variation",6
"Ruy Lopez: Marshall Attack, Modern Main Line",6
"English Opening: Symmetrical Variation, Full Symmetry Line",6
Sicilian Defense: Richter-Rauzer Variation,6
"Queen's Pawn Game: Levitsky Attack, Welling Variation",6
Polish Opening: Birmingham Gambit,6
"Queen's Gambit Refused: Albin Countergambit, Tartakower Defense",6
"Caro-Kann Defense: Advance Variation, Tal Variation",6
"Sicilian Defense: Scheveningen Variation, Vitolins Variation",6
Slav Defense: Alapin Variation,6
Hungarian Opening: Dutch Defense,6
"Pterodactyl Defense: Sicilian, Rhamporhynchus",6
"King's Gambit Accepted, Bishop's Gambit, Bogoljubov Defense",6
"Queen's Gambit Refused: Chigorin Defense, Tartakower Gambit",6
"King's Gambit Accepted, Cunningham Defense, McCormick Defense",6
"Italian Game: Two Knights Defense, Kloss Gambit",6
"Nimzowitsch Defense: Kennedy Variation, Keres Attack",6
Slav Defense: Bonet Gambit,6
Tarrasch Defense: Schara Gambit,6
King's Indian Attack: Yugoslav Variation,6
Scotch Game: Ghulam-Kassim Variation,6
"King's Indian Defense: Semi-Classical Variation, Benoni Variation",6
"Blackmar-Diemer Gambit: Lemberger Countergambit, Simple Variation",6
Pirc Defense: Classical Variation #2,6
"King's Gambit Accepted, Salvio Gambit",6
Bogo-Indian Defense: Vitolins Variation,6
Modern Defense: Norwegian Defense,6
"Bishop's Opening: Vienna Hybrid, Hromadka Variation",6
"French Defense: Advance Variation, Nimzowitsch Gambit",6
"English Opening: Agincourt Defense, Catalan Defense, Semi-Slav Defense",6
Sicilian Defense: Drazic Variation,6
Van Geet Opening: Sicilian Two Knights,6
"Italian Game: Evans Gambit, Harding Variation",6
Van Geet Opening: Dunst-Perrenet Gambit,6
"Caro-Kann Defense: Panov Attack, Gunderam Attack",6
Caro-Kann Defense: Forgacs Variation,6
Nimzowitsch-Larsen Attack: Polish Variation,6
Queen's Gambit Declined: Cambridge Springs Defense: Capablanca Variation,6
Russian Game: Cochrane Gambit,6
English Opening: Wing Gambit,5
Scotch Game: Alekhine Gambit,5
Old Indian Defense: Tartakower-Indian,5
"Italian Game: Two Knights Defense, Ponziani-Steinitz Gambit",5
Bird Opening: Myers Defense,5
Zukertort Opening: Polish Defense,5
English Opening: Jaenisch Gambit,5
"Philidor Defense: Philidor Countergambit, Zukertort Variation",5
King's Indian Defense: Accelerated Averbakh Variation,5
"Alekhine Defense: Four Pawns Attack, 6...Nc6",5
Nimzo-Larsen Attack: Dutch Variation,5
"Gruenfeld Defense: Three Knights Variation, Hungarian Attack",5
"English Opening: Anglo-Indian Defense, Queen's Indian Formation",5
"French Defense: Classical Variation, Swiss Variation",5
"Italian Game: Scotch Gambit, Double Gambit Accepted",5
"Sicilian Defense: Scheveningen Variation, English Attack",5
"Sicilian Defense: Wing Gambit, Carlsbad Variation",5
"St. George Defense: New St. George, Three Pawn Attack",5
"King's Gambit Declined: Falkbeer, Rubinstein Variation",5
"Queen's Indian Defense: Classical Variation, Traditional Variation, Nimzowitsch Line",5
"Alekhine Defense: Modern Variation, Alekhine Gambit",5
Center Game: Halasz-McDonnell Gambit,5
"Sicilian Defense: O'Kelly Variation, Venice System",5
"Ruy Lopez: Closed Variations, Averbakh Variation",5
"Semi-Slav Defense: Meran Variation, Wade Variation",5
Gruenfeld Defense: Three Knights Variation #2,5
"Queen's Gambit Accepted: Classical Defense, Steinitz Variation, Exchange Variation",5
"Sicilian Defense: Kan Variation, Wing Attack",5
Queen's Gambit Declined: Janowski Variation,5
"French Defense: Winawer Variation, Advance Variation #3",5
French Defense: Alekhine-Chatard Attack,5
Benoni Defense: Weenink Variation,5
"Queen's Gambit Declined: Exchange Variation, Reshevsky Variation",5
"French Defense: Advance Variation, Lputian Variation",5
"Ruy Lopez: Closed Variations, Flohr System",5
"English Opening: King's English Variation, Keres Defense",5
"Nimzowitsch Defense: Scandinavian Variation, Bogoljubov Variation, Heinola-Deppe Gambit",5
"Queen's Gambit Declined: Ragozin Defense, Alekhine Variation",5
"French Defense: Winawer Variation, Bogoljubov Variation",5
"Queen's Gambit Accepted: Alekhine Defense, Haberditz Variation",5
"Rat Defense: English Rat, Lisbon Gambit",5
Neo-Gruenfeld Defense: Non- or Delayed Fianchetto,5
Italian Game: Bird's Attack,5
Polish Opening: Grigorian Variation,5
"Latvian Gambit Accepted, Bronstein Attack",5
"Modern Defense: Averbakh System, Kotov Variation",5
Semi-Slav Defense: Stoltz Variation,5
Nimzo-Indian Defense: Romanishin Variation #2,5
Nimzo-Indian Defense: Normal Variation,5
Scotch Gambit,5
"Sicilian Defense: Dragon Variation, Classical Variation #2",5
Queen's Gambit Declined: Capablanca,5
"Ruy Lopez: Closed Variations, Kholmov Variation",5
"Italian Game: Scotch Gambit, Max Lange Attack",5
Slav Defense: Soultanbeieff Variation,5
"Sicilian Defense: O'Kelly Variation, Venice System, Steiner Line",5
"King's Indian Defense: Fianchetto Variation, Classical Fianchetto",5
"Lion Defense: Anti-Philidor, Lion's Cave",5
"English Opening: Agincourt Defense, Catalan Defense",5
Polish Defense: Spassky Gambit Accepted,5
Caro-Kann Defense: Karpov Variation,5
Nimzowitsch Defense: El Columpio Defense,5
"Ruy Lopez: Closed Variations, Chigorin Defense",5
Ruy Lopez: Alapin Defense,5
Ruy Lopez: Open Variations,5
"Scotch Game: Scotch Gambit, London Defense",5
"French Defense: Winawer Variation, Advance Variation #2",5
"Sicilian Defense: Wing Gambit, Deferred Variation",5
"French Defense: Tarrasch Variation, Guimard Defense",5
"Slav Defense: Exchange Variation, Symmetrical Line",4
Latvian Gambit: Fraser Defense,4
"Ruy Lopez: Morphy Defense, Alapin's Defense Deferred",4
"King's Indian Defense: Fianchetto Variation, Uhlmann-Szabo System",4
Budapest Defense: Alekhine Variation,4
Vienna Game: Fyfe Gambit,4
"Latvian Gambit Accepted, Main Line",4
"Sicilian Defense: Wing Gambit, Marshall Variation",4
King's Indian Attack: Sicilian Variation #2,4
"French Defense: Tarrasch Variation, Closed Variation, Main Line",4
"French Defense: Rubinstein Variation, Fort Knox Variation",4
"Italian Game: Evans Gambit, Main Line",4
"French Defense: Winawer Variation, Maroczy-Wallis Variation",4
"Dutch Defense: Stonewall Variation, Modern Variation",4
"Sicilian Defense: Paulsen Variation, Bastrikov Variation, English Attack",4
Scotch Game: Modern Defense,4
Bogo-Indian Defense: Gruenfeld Variation,4
"Sicilian Defense: Smith-Morra Gambit Declined, Scandinavian Formation",4
"English Opening: Anglo-Indian Defense, Old Indian Formation",4
"Bird Opening: Dutch Variation, Batavo Gambit",4
"Sicilian Defense: Smith-Morra Gambit Accepted, Pin Defense",4
"English Opening: King's English Variation, Two Knights Variation, Fianchetto Line",4
"Alekhine Defense: Four Pawns Attack, Cambridge Gambit",4
"Benoni Defense: Classical Variation, Averbakh-Grivas Attack",4
Indian Game: Pyrenees Gambit,4
Sicilian Defense: Brussels Gambit,4
Bird Opening: Lasker Variation,4
"English Opening: Symmetrical Variation, Hedgehog Defense",4
Old Benoni Defense: Mujannah Formation,4
Englund Gambit Complex: Mosquito Gambit,4
Dutch Defense: Fianchetto Variation,4
"Slav Defense: Exchange Variation, Schallopp Variation",4
"Scotch Game: Goering Gambit, Bardeleben Variation",4
"French Defense: Winawer Variation, Retreat Variation",4
"Italian Game: Classical Variation, Greco Gambit",4
Polish Opening: Schiffler-Sokolsky Variation,4
"Italian Game: Classical Variation, Greco Gambit, Greco Variation",4
"Ruy Lopez: Open Variations, Main Line",4
Amazon Attack: Siberian Attack,4
"Ruy Lopez: Morphy Defense, Breyer Defense, Zaitsev Hybrid",4
Zukertort Opening: Santasiere's Folly,4
"Catalan Opening: Open Defense, Tarrasch Defense",4
"Sicilian Defense: Paulsen Variation, Bastrikov Variation",4
Queen's Gambit Accepted: Classical Defense,4
Slav Defense: Winawer Countergambit,4
"English Opening: Anglo-Indian Defense, Anglo-Gruenfeld Variation #3",4
"French Defense: Advance Variation, Nimzowitsch Attack",4
"Sicilian Defense: Smith-Morra Gambit Accepted, Kan Formation",4
"Van Geet Opening: Gruenfeld Defense, Steiner Gambit",4
"Ruy Lopez: Morphy Defense, Norwegian Variation, Nightingale Gambit",4
Queen's Gambit Declined: Pseudo-Tarrasch Variation,4
"Sicilian Defense: Lasker-Pelikan Variation, Sveshnikov Variation, Chelyabinsk Variation",4
Latvian Gambit: Clam Gambit,4
"French Defense: Alekhine-Chatard Attack, Spielmann Variation",4
"King's Gambit Accepted, Bonsch-Osmolovsky Variation",4
"Pirc Defense: Austrian Attack, Unzicker Attack",4
"Italian Game: Classical Variation, Greco Gambit, Main Line",4
"King's Indian Defense: Orthodox Variation, Aronin-Taimanov Defense",4
Dutch Defense: Staunton Gambit,4
"French Defense: Horwitz Attack, Papa-Ticulat Gambit",4
"Queen's Gambit Refused: Baltic Defense, Pseudo-Chigorin",4
"Sicilian Defense: O'Kelly Variation, Normal System, Taimanov Line",4
King's Indian Attack: Omega-Delta Gambit,4
"Sicilian Defense: Alapin Variation, Smith-Morra Declined",4
Semi-Slav Defense Accepted,4
Semi-Slav Defense: Chigorin Defense,4
"Sicilian Defense: Modern Variations, Anti-Qxd4 Move Order",4
Bishop's Opening: Stein Gambit,4
"Italian Game: Two Knights Defense, Lolli Attack",4
Russian Game: Karklins-Martinovsky Variation,4
"Four Knights Game: Scotch Variation, Belgrade Gambit",4
"Ruy Lopez: Closed Variations, Delayed Exchange",4
Slav Defense: Diemer Gambit,4
"Ruy Lopez: Exchange Variation, Alapin Gambit",4
"Vienna Game: Vienna Gambit, Steinitz Variation",4
"Russian Game: Classical Attack, Marshall Variation",4
Sicilian Defense: Myers Attack #2,4
"French Defense: Tarrasch Variation, Open System",4
Modern Defense: Wind Gambit,4
King's Indian Defense: Larsen Variation,4
Modern Defense: Neo-Modern Defense,4
Queen's Pawn Game: Zurich Gambit,4
Zukertort Opening: Speelsmet Gambit,4
Tarrasch Defense: Prague Variation,4
"Queen's Gambit Accepted: Central Variation, Rubinstein Defense",4
"King's Gambit Accepted, Cunningham Defense, Bertin Gambit",4
"Pterodactyl Defense: Western, Rhamphorhynchus",4
Philidor Defense: Paulsen Attack,4
"Queen's Gambit Declined: Harrwitz Attack, Two Knights Defense",4
Scotch Game: Potter Variation,4
Neo-Gruenfeld Defense: Ultra-delayed Exchange Variation,4
"King's Pawn Game: Macleod Attack, Lasa Gambit",4
Alekhine Defense: Saemisch Attack,4
Old Indian Defense: Ukrainian Variation,4
Semi-Slav Defense: Meran Variation,4
Russian Game: Nimzowitsch Attack,4
Sodium Attack,4
"Pirc Defense: Classical Variation, Quiet System, Czech Defense",4
"Queen's Gambit Declined: 4.Bg5 Be7, 5.e3 O-O",4
"Center Game: Lanc-Arnold Gambit, Schippler Gambit",4
"Dutch Defense: Classical Variation, Stonewall Variation",4
Alekhine Defense: Hunt Variation,4
French Defense: Baeuerle Gambit,4
"French Defense: Classical Variation, Svenonius Variation",4
"Sicilian Defense: O'Kelly Variation, Normal System",4
"Queen's Gambit Declined: Lasker Defense, Main Line",3
"Queen's Gambit Refused: Albin Countergambit, Lasker Trap",3
"Semi-Slav Defense: Noteboom Variation, Anti-Noteboom Variation, Belyavsky Line",3
"Caro-Kann Defense: Panov Attack, Modern Defense",3
"Ruy Lopez: Morphy Defense, Bayreuth Variation",3
Gruenfeld Defense: Makogonov Variation,3
"King's Indian Defense: Orthodox Variation, Positional Defense, Closed Line",3
"Blackmar-Diemer, Lemberger Countergambit",3
"Ruy Lopez: Berlin Defense, Fishing Pole Variation",3
Bird Opening: Lasker Gambit,3
Italian Game: Scotch Gambit,3
"Sicilian Defense: Dragon Variation, Yugoslav Attack, Early Deviations",3
Italian Game: Scotch Gambit Declined #2,3
Queen's Gambit Declined: Alekhine Variation,3
Zukertort Opening: Basman Defense,3
"Old Indian Defense: Janowski Variation, Fianchetto Variation #2",3
"Queen's Gambit Refused: Albin Countergambit, Fianchetto Variation, Bg4 Line",3
Queen's Indian Defense: Classical Variation,3
"French Defense: Winawer Variation, Advance Variation, Moscow Variation",3
Alekhine Defense: Modern Variation,3
"King's Gambit Accepted, Bishop's Gambit, Anderssen Defense",3
Sicilian Defense: Kronberger Variation,3
"Sicilian Defense: Alapin Variation, Sherzer Variation",3
Benoni Defense: Classical Variation,3
Italian Game: Evans Gambit Declined,3
"Ruy Lopez: Closed, Anti-Marshall 8.a4",3
Queen's Gambit Accepted: Smyslov Variation,3
"Grob Opening: Spike, Hurst Attack",3
"Russian Game: Classical Attack, Closed Variation",3
"Sicilian Defense: Paulsen Variation, American Attack",3
Benoni Defense: Uhlmann Variation,3
"Scotch Game: Scotch Gambit, Cochrane-Anderssen Variation",3
"King's Gambit Accepted, Mason-Keres Gambit",3
"Sicilian Defense: Sozin Attack, Leonhardt Variation",3
Scandinavian Defense: Classical Variation,3
King's Pawn Game: Pachman Wing Gambit,3
"King's Indian Defense: Orthodox Variation, Bayonet Attack",3
"French Defense: MacCutcheon, Advance Variation",3
Bird Opening: Mujannah,3
"Scandinavian Defense: Anderssen Counterattack, Goteborg System",3
"Nimzowitsch Defense: Kennedy Variation, Hammer Gambit",3
Center Game: Charousek Variation,3
Philidor Defense: Philidor Gambit,3
"French Defense: MacCutcheon Variation, Lasker Variation",3
"Alekhine Defense: Krejcik Variation, Krejcik Gambit",3
Center Game: von der Lasa Gambit,3
"Ruy Lopez: Closed Variations, Pilnik Variation",3
"Italian Game: Two Knights Defense, Traxler Counterattack",3
Blackmar-Diemer Gambit: Rasa-Studier Gambit,3
Budapest Defense: Fajarowicz Variation,3
"Italian Game: Two Knights Defense, Steinitz Variation",3
"French Defense: Classical Variation, Burn Variation, Main Line",3
"Latvian Gambit: Mayet Attack, Morgado Defense",3
"Sicilian Defense: Scheveningen Variation, Modern Variation",3
"Sicilian Defense: Najdorf Variation, Main Line",3
"English Opening: Symmetrical Variation, Double Fianchetto",3
Bishop's Opening: Kitchener Folly,3
Dutch Defense: Blackmar's Second Gambit,3
"Ruy Lopez: Morphy Defense, Arkhangelsk Variation",3
"Gruenfeld Defense: Russian Variation, Szabo (Boleslavsky)",3
"King's Gambit Accepted, Bishop's Gambit, Bledow Countergambit",3
Ponziani Opening: Ponziani Countergambit,3
"Indian Game: Paleface Attack, Blackmar-Diemer Gambit Deferred",3
"Sicilian Defense: Kan Variation, Maroczy Bind, Reti Variation",3
"Gruenfeld Defense: Exchange Variation, Classical Variation",3
"Nimzo-Indian Defense: Normal Variation, Taimanov Variation",3
"King's Gambit Accepted: Cunningham, Bertin Gambit",3
English Opening: Mikenas-Carls Variation #3,3
"Nimzo-Indian Defense: 4.e3 e8g8, 5.Nf3, without ...d5",3
Caro-Kann Defense: Labahn Attack,3
Ponziani Opening: Reti Variation,3
Bird Opening: Wagner-Zwitersch Gambit,3
"Ruy Lopez: Steinitz Defense, Nimzowitsch Attack",3
Semi-Slav Defense: Romih Variation,3
"Italian Game: Scotch Gambit, Walbrodt-Baird Gambit",3
Torre Attack: Wagner Gambit,3
"Ruy Lopez: Steinitz Defense, Center Gambit",3
English Opening: Neo-Catalan,3
"Nimzo-Indian Defense: Classical Variation, Zurich Variation",3
"Catalan Opening: Open Defense, Classical Line",3
Caro-Kann Defense: De Bruycker Defense,3
"Caro-Kann Defense: Panov Attack, Fianchetto Defense",3
"Torre Attack: Classical Defense, Nimzowitsch Variation",3
Bird Opening: Horsefly Defense,3
Polish Opening: Dutch Defense,3
Blackmar-Diemer Gambit: Diemer-Rosenberg Attack,3
Polish Opening: Myers Variation,3
"King's Gambit Accepted, Fischer Defense, Spanish Variation",3
"King's Indian Defense: Orthodox Variation, Gligoric-Taimanov System",3
Vulture Defense,3
Gruenfeld Defense: Opocensky Variation,3
"Philidor Defense: Lion Variation, Lion's Claw II",3
Polish Opening: Symmetrical Variation,3
"Scandinavian Defense: Anderssen Counterattack, Collijn Variation",3
Nimzo-Indian Defense: Normal Line,3
"King's Indian Defense: Petrosian Variation, Stein Defense",3
Lasker Simul Special,3
"Alekhine Defense: Four Pawns Attack, Fianchetto Variation",3
"Latvian Gambit Accepted, Bilguer Variation",3
Scotch Game: Paulsen Attack,3
"Catalan Opening: Closed, Main Line",3
"Sicilian Defense: Dragon, Classical Attack",3
"Nimzo-Indian Defense: Classical Variation, Noa Variation",3
"Italian Game: Scotch Gambit, Canal Variation",3
Nimzo-Larsen Attack: Graz Attack,3
"Sicilian Defense: Richter-Rauzer Variation, Vitolins Variation",3
"French Defense: Classical Variation, Richter Attack #2",3
Gruenfeld Defense: Smyslov Defense,3
"Queen's Pawn Game: Veresov Attack, Boyce Defense",3
Queen's Gambit Declined: Been-Koomen Variation,3
"Russian Game: Classical Attack, Staunton Variation",3
Queen's Pawn Game: Liedmann Gambit,3
"Sicilian Defense: Dragon Variation, Classical Variation",3
English Opening: Adorjan Defense,2
Caro-Kann Defense: Gurgenidze Counterattack,2
"Sicilian Defense: Smith-Morra Gambit Declined, Alapin Formation",2
Van Geet Opening: Berlin Gambit,2
"Queen's Gambit Declined: Orthodox Defense, Rubinstein Variation",2
"Queen's Gambit Refused: Albin Countergambit, Modern Line",2
"Sicilian Defense: Modern Variations, Anti-Qxd4 Move Order Accepted",2
"English Opening: King's English Variation, Smyslov Defense",2
Bishop's Opening: Boden-Kieseritzky Gambit,2
Van Geet Opening: Battambang Variation,2
"Nimzo-Indian Defense: Normal Variation, Saemisch Deferred",2
"Four Knights Game: Double Spanish, with 5.O-O",2
English Defense: Eastbourne Gambit,2
Barnes Opening: Fool's Mate,2
Dutch Defense: Semi-Leningrad Variation,2
"Ruy Lopez: Berlin Defense, Closed Wolf Variation",2
Scotch Game: Blumenfeld Attack,2
"Philidor Defense: Hanham Variation, Schlechter Variation",2
"King's Gambit Accepted, Bishop's Gambit, Cozio Defense",2
King's Indian Defense: Saemisch Variation,2
"Four Knights: Scotch Variation, Belgrade Gambit, Modern Defense",2
Latvian Gambit: Mayet Attack,2
"English Opening: King's English Variation, Nimzowitsch-Flohr Variation",2
Four Knights Game: Nimzowitsch (Paulsen),2
Neo-Gruenfeld Defense: Classical Variation,2
"Queen's Gambit Declined: Semi-Tarrasch Defense, Exchange Variation",2
King's Pawn Game: Bavarian Gambit,2
"St. George Defense: New St. George, Sanky-George Gambit",2
"Sicilian Defense: O'Kelly Variation, Maroczy Bind, Geller Line",2
"Queen's Gambit Declined: Harrwitz Attack, Two Knights Defense, Blockade Line",2
"French Defense: Winawer Variation, Positional Variation",2
"Queen's Gambit Declined: Harrwitz Attack, Fianchetto Defense",2
"King's Gambit Accepted, Dodo Variation",2
"Queen's Indian Defense: Classical Variation, Traditional Variation",2
Modern Defense: Fianchetto Gambit,2
Indian Game: Polish Variation,2
"Semi-Slav Defense: Marshall Gambit, Main Line",2
Zukertort Opening: Lisitsyn Gambit Deferred,2
"Old Indian Defense: Janowski Variation, Main Line",2
"Russian Game: Modern Attack, Center Attack",2
"Queen's Pawn Game: Veresov Attack, Richter Variation",2
"Four Knights Game: Spanish Variation, Symmetrical Variation #3",2
Old Indian Defense: Janowski Variation,2
"King's Gambit Accepted, Kieseritzky Gambit, Rosenthal Defense",2
"Latvian Gambit Accepted, Leonhardt Variation",2
"English Opening: King's English Variation, Four Knights Variation, Quiet Line #3",2
"Reti Opening: Anglo-Slav Variation, Bogoljubov Variation, Stonewall Line",2
Scandinavian Defense: Lasker Variation,2
Blackmar-Diemer Gambit: Tartakower Variation,2
Dutch Defense: Leningrad Variation,2
Valencia Opening,2
English Orangutan,2
"Ruy Lopez: Berlin Defense, Closed Bernstein Variation",2
"King's Gambit Accepted, Kieseritzky Gambit, Long Whip",2
"King's Gambit Accepted, Lolli Gambit",2
"Four Knights Game: Scotch Variation, Oxford Gambit",2
"King's Gambit Declined, Miles Defense",2
French Defense: Banzai-Leong Gambit,2
"Sicilian Defense: Snyder Variation, Queen Fianchetto Variation",2
Dutch Defense: Krejcik Gambit,2
"King's Indian Defense: Fianchetto Variation, Yugoslav System, without Nc3",2
Nimzo-Indian Defense: Fischer Variation,2
"Caro-Kann Defense: Karpov Variation, Modern Variation, Kasparov Attack",2
"King's Indian Defense: Orthodox Variation, Classical System",2
"Indian Game: Gedult Attack, Gedult Attack",2
"Sicilian Defense: O'Kelly Variation, Maroczy Bind, Paulsen Line",2
"Catalan Opening: Closed Variation, Traditional Variation",2
Nimzowitsch Defense: Neo-Mongoloid Defense,2
"Pirc Defense: Austrian Attack, Kurajica Variation",2
"King's Gambit, Falkbeer Countergambit, Anderssen Attack",2
Ruy Lopez: Pollock Defense,2
Polish Opening: Queenside Defense,2
"Vienna Game: Vienna Gambit, Breyer Variation",2
"King's Indian Defense: Petrosian Variation, Normal Defense",2
Bishop's Opening: Horwitz Gambit,2
"Sicilian Defense: Dragon Variation, Yugoslav Attack #2",2
King's Indian Attack: Double Fianchetto,2
Owen Defense: Naselwaus Gambit,2
"Scotch Game: Classical Variation, Blackburne Attack",2
"Queen's Indian Defense: Classical Variation, Polugaevsky Gambit",2
"Four Knights Game: Rubinstein Countergambit, Henneberger Variation",2
"French Defense: Tarrasch, Open, 4.exd5 exd5",2
"Sicilian Defense: Alapin Variation, Barmen Defense, Modern Line",2
"King's Pawn Game: Clam Variation, Radisch Gambit",2
"Ruy Lopez: Morphy Defense, Jaffe Gambit",2
"Sicilian Defense: Dragon Variation, Yugoslav Attack, Panov Variation",2
Italian Game: Evans Gambit,2
"Sicilian Defense: Najdorf Variation, Amsterdam Variation",2
"Sicilian Defense: Richter-Rauzer Variation, Classical Variation",2
"King's Indian Defense: Semi-Classical Variation, Exchange Variation",2
"Queen's Gambit Declined: Modern, Knight Defense #3",2
"English Opening: Agincourt Defense, Wimpy System",2
"Blackmar-Diemer Gambit Declined, Langeheinecke Defense",2
"Sicilian Defense: Dragon, Classical, Amsterdam Variation",2
"Indian Game: King's Indian Variation, Fianchetto Variation",2
"Reti Opening: Anglo-Slav Variation, New York System",2
"Queen's Pawn Game: Torre Attack, Gruenfeld Variation",2
"English Opening: King's English Variation, Four Knights Variation, Bradley Beach Variation",2
Zukertort Opening: Double Fianchetto Attack,2
"Philidor Defense: Hanham Variation, Delmar Variation",2
Modern Defense: Modern Pterodactyl,2
"Pterodactyl Defense: Queen Pterodactyl, Quiet Line",2
"King's Indian Defense: Saemisch Variation, Yates Defense",2
Reti Opening: Reversed Blumenfeld Gambit,2
"Ruy Lopez: Open Variation, Skipworth Gambit",2
"Queen's Indian Defense: Classical Variation, Tiviakov Defense",2
"Indian Game: Anti-Gruenfeld, Advance Variation",2
Alekhine Defense: Kmoch Variation,2
"English Opening: Symmetrical Variation, Botvinnik System Reversed",2
Scandinavian Defense: 2.b3,2
Trompowsky Attack: Borg Variation,2
"French Defense: Winawer Variation, Classical Variation",2
"Queen's Gambit Accepted: Central Variation, McDonnell Defense, Somov Gambit",2
"Bird Opening: Dutch Variation, Dudweiler Gambit",2
Dutch Defense: Janzen-Korchnoi Gambit,2
"Ruy Lopez: Closed Variations, Smyslov Defense",2
"Queen's Pawn Game: Barry Attack, Gruenfeld Variation",2
King's Pawn Opening: Speers,2
"English Opening: Symmetrical Variation, Mecking Variation",2
"Sicilian Defense: Sozin Attack, Flank Variation",2
Slav Defense: Geller Gambit,2
"English Opening: King's English Variation, Four Knights Variation, Korchnoi Line",2
Italian Game: Jerome Gambit,2
"Queen's Gambit Declined: Pseudo-Tarrasch Variation, Primitive Pillsbury Variation",2
Bird Opening: Hobbs Gambit,2
King's Indian Defense: Steiner Attack,2
Bishop's Opening: Anderssen Gambit,2
Trompowsky Attack: Raptor Variation,2
"King's Gambit Accepted, Bishop's Gambit, Gianutio Gambit",2
Queen's Indian Defense: Miles Variation,2
"Caro-Kann Defense: Karpov Variation, Modern Variation",2
"French Defense: MacCutcheon Variation, Lasker Variation #2",2
"French Defense: Winawer Variation, Alekhine Gambit Accepted",2
"Nimzo-Indian Defense: Three Knights Variation, Korchnoi Variation",2
"Sicilian Defense: Richter-Rauzer Variation, Modern Variation",2
Indian Game: Gibbins-Wiedenhagen Gambit Accepted,2
"King's Gambit, Falkbeer Countergambit, Hinrichsen Gambit",2
"Blackmar-Diemer Gambit: Zeller Defense, Soller Attack",2
"Blackmar-Diemer Gambit: Lemberger Countergambit, Endgame Variation",2
"King's Gambit Accepted, Mayet Gambit",2
"French Defense: MacCutcheon Variation, Exchange Variation",2
"Sicilian Defense: Smith-Morra Gambit Declined, Wing Formation",2
Ruy Lopez: Lucena Variation,2
"Ruy Lopez: Schliemann Defense, Tartakower Variation",2
"Sicilian Defense: Najdorf Variation, Zagreb (Fianchetto) Variation",2
"Queen's Indian Defense: Kasparov-Petrosian Variation, Marco Defense",2
Benoni Defense: Fianchetto Variation,2
"Ruy Lopez: Schliemann Defense, Schoenemann Attack",2
"King's Gambit Accepted, Allgaier Gambit",2
"Caro-Kann Defense: Two Knights Attack, Mindeno Variation, Retreat Line",2
Dutch Defense: Nimzo-Dutch Variation,2
"Queen's Gambit Refused: Marshall Defense, Tan Gambit",2
Dutch Defense: Stonewall Variation,2
Dutch Defense: Alapin Variation,2
Caro-Kann Defense: Toikkanen Gambit,2
"Ruy Lopez: Berlin Defense, Hedgehog Variation",2
"Blackmar-Diemer Gambit Declined, Elbert Countergambit",1
"King's Indian Defense: Averbakh Variation, Flexible Defense",1
Sicilian Defense: Polish Gambit,1
"Sicilian Defense: O'Kelly Variation, Wing Gambit",1
"Ruy Lopez Defense, Halloween Attack",1
"Pirc Defense: Classical Variation, Quiet System, Parma Defense",1
Sicilian Defense: Kupreichik Variation,1
"Tarrasch Defense: Classical Variation, Petursson Variation",1
"Neo-Gruenfeld Defense: Classical Variation, Modern Defense",1
Petrov's Defense #3,1
Queen's Indian Defense: Capablanca Variation,1
Center Game: Ross Gambit,1
Nimzo-Indian Defense: Ragozin Defense,1
"King's Indian Defense: Saemisch Variation, Panno Formation",1
Vienna Game: Philidor Countergambit,1
"Ruy Lopez: Closed Variations, Zaitsev System",1
Indian Game: Medusa Gambit,1
Polish Opening: German Defense,1
"King's Indian Defense: Normal Variation, Standard Development",1
Scotch Game: Meitner Variation,1
Sicilian Defense: Flohr Variation,1
"Sicilian Defense: Scheveningen Variation, Keres Attack",1
Bishop's Opening: Lewis Gambit,1
"King's Gambit Accepted, Breyer Gambit",1
Neo-Gruenfeld Defense: Delayed Exchange Variation #2,1
"Latvian Gambit Accepted, Foltys-Leonhardt Variation",1
"French Defense: Classical Variation, Tarrasch Variation",1
"French Defense: Tarrasch Variation, Guimard Defense, Main Line",1
"English Opening: Anglo-Indian Defense, Anti-Anti-Gruenfeld",1
"King's Gambit Accepted, Ghulam-Kassim Gambit",1
"Philidor Defense: Lion Variation, Lion's Claw I",1
"Sicilian Defense: Richter-Rauzer Variation, Dragon Variation",1
"Ruy Lopez: Marshall Attack, Original Marshall Attack",1
"Neo-Gruenfeld Defense: Exchange Variation, with 6.e4",1
"Sicilian Defense: Richter-Rauzer, 6...e6",1
"English Opening: Anglo-Indian Defense, Flohr-Mikenas-Carls Variation, Nei Gambit",1
"French Defense: Classical Variation, Rubinstein Variation",1
"Semi-Slav Defense: Stoltz Variation, Shabalov Attack",1
"English Opening: Agincourt Defense, Bogoljubov Defense",1
Scandinavian Defense: Kiel Variation,1
"Queen's Gambit Declined: Lasker Defense, Teichmann Variation",1
English Defense: Perrin Variation,1
"King's Gambit Accepted, Carrera Gambit",1
"Nimzo-Indian Defense: 4.e3, Ragozin Variation",1
Van Geet Opening: Liebig Gambit,1
"Caro-Kann Defense: Classical Variation, Seirawan Variation",1
"Polish Opening: King's Indian Variation, Schiffler Attack",1
"Gruenfeld Defense: Brinckmann Attack, Gruenfeld Gambit",1
Philidor Defense: Alapin-Blackburne Gambit,1
"St. George Defense: New St. George, Traditional Line",1
King's Indian Defense: Semi-Averbakh System,1
"King's Gambit Accepted, Bishop's Gambit, Lopez Defense",1
"Italian Game: Evans Gambit, Tartakower Attack",1
"Vienna Game: Stanley Variation, Meitner-Mieses Gambit",1
"Pterodactyl Defense: Eastern, Rhamphorhynchus",1
Alekhine Defense: Steiner Variation,1
"King's Indian Defense: Orthodox Variation, Donner Defense",1
Russian Game: Millennium Attack,1
Modern Defense: Gurgenidze Defense,1
"King's Gambit Accepted: Bishop's Gambit, Steinitz Defense",1
"Caro-Kann Defense: Karpov Variation, Smyslov Variation, Main Line",1
Benoni Defense: Four Pawns Attack,1
"King's Indian Defense: Four Pawns Attack, Normal Attack",1
"Dutch Defense: Classical Variation, Blackburne Attack",1
"Ruy Lopez: Open Variations, Dilworth Variation",1
"King's Gambit Accepted, Rosentreter Gambit, Bird Gambit",1
"Sicilian Defense: Dragon Variation, Yugoslav Attack, Czerniak Variation",1
Colle System: Rhamphorhynchus Variation,1
"Sicilian Defense: Dragon Variation, Levenfish Variation",1
"Russian Game: Classical Attack, Mason Variation",1
Lion Defense: Anti-Philidor,1
"King's Gambit Accepted, Kieseritzky Gambit, Anderssen Defense",1
Bishop's Opening: McDonnell Gambit,1
King's Indian Defense: Exchange Variation,1
Sicilian Defense: Amazon Attack,1
"King's Indian Defense: Normal Variation, Deferred Fianchetto",1
Nimzowitsch Defense: Wheeler Gambit,1
"Bishop's Opening: Berlin Defense, Greco Gambit",1
"Philidor Defense: Nimzowitsch, Locock Variation",1
Sicilian Defense: Coles Sicilian Gambit,1
Slav Defense: Czech Variation,1
Queen's Gambit Declined: Miles Variation,1
"Ruy Lopez: Closed Variations, Yates Variation",1
"French Defense: Tarrasch Variation, Open System, Euwe-Keres Line",1
"Tarrasch Defense: Classical Variation, Spassky Variation",1
"English Opening: King's English Variation, Troger Defense",1
"Sicilian Defense: Closed Variation, Grob Attack",1
Sicilian Defense: Mongoose Variation,1
Ruy Lopez: Brentano Gambit,1
King's Indian Attack: Spassky Variation,1
"Semi-Slav Defense: Meran Variation, Lundin Variation",1
"Ruy Lopez: Marshall Attack, Main Line",1
"French Defense: Tarrasch, Eliskases Variation",1
Queen's Gambit Accepted: Furman Variation,1
"Nimzo-Indian Defense: Normal Variation, Gligoric System",1
"Ruy Lopez: Morphy Defense, Breyer Defense, Quiet Variation",1
"Sicilian Defense: Nimzowitsch Variation, Exchange Variation",1
Philidor Defense: Boden Variation,1
Nimzo-Indian Defense: Romanishin Variation,1
"Pirc Defense: Austrian Attack, Dragon Formation",1
"Sicilian Defense: Delayed Alapin, Basman-Palatnik Gambit",1
"English Opening: Anglo-Indian Defense, Anglo-Gruenfeld Variation",1
"Pterodactyl Defense: Eastern, Anhanguera",1
"Dutch Defense: Leningrad Variation, Matulovic Variation",1
"Vienna Game: Vienna Gambit, Steinitz Gambit",1
Tayler Opening,1
"Sicilian Defense: Najdorf Variation, English Attack, Anti-English",1
Crab Opening,1
"Sicilian Defense: Classical Variation, Anti-Sozin Variation",1
"Italian Game: Evans Gambit, Compromised Defense",1
Ruy Lopez: Bulgarian Variation,1
"King's Pawn Game: Busch-Gass Gambit, Chiodini Gambit",1
"Queen's Gambit Refused: Austrian Defense, Gusev Countergambit",1
"Sicilian Defense: Scheveningen Variation, Classical Variation, Paulsen Variation",1
Elephant Gambit: Maroczy Gambit,1
"King's Indian Defense: Fianchetto Variation, Yugoslav Variation",1
"Ruy Lopez: Closed Variations, Keres Defense",1
"Alekhine Defense: Scandinavian Variation, Myers Gambit",1
"Sicilian Defense: Closed Variation, Chameleon Variation",1
"English Opening: Agincourt Defense, Catalan Defense Accepted",1
Nimzo-Indian Defense: Spielmann Variation,1
Queen's Gambit Accepted: Mannheim Variation,1
Van Geet Opening: Sleipnir Gambit,1
"King's Gambit Accepted, Orsini Gambit",1
"Russian Game: Classical Attack, Chigorin Variation",1
English Opening: Neo-Catalan Declined,1
"Nimzo-Indian Defense: Three Knights, Euwe Variation",1
"Queen's Gambit Refused: Chigorin Defense, Lazard Gambit",1
"Queen's Pawn Game: Veresov Attack, Veresov Variation",1
Ponziani Opening: Romanishin Variation,1
"Sicilian Defense: Morphy Gambit, Andreaschek Gambit",1
"Russian Game: Classical Attack, Mason-Showalter Variation",1
"Caro-Kann Defense: Two Knights Attack, Mindeno Variation, Exchange Line",1
"Queen's Gambit Declined: Semi-Tarrasch Defense, Symmetrical Variation",1
Elephant Gambit: Wasp Variation,1
Queen's Indian Defense: Petrosian Variation,1
Dutch Defense: Krause Variation,1
"Ruy Lopez: Morphy Defense, Chigorin Defense, Panov System",1
"Sicilian Defense: Najdorf Variation, Traditional Line",1
"Queen's Pawn Game: Torre Attack, Breyer Variation",1
Van Geet Opening: Billockus-Johansen Gambit,1
"King's Indian Defense: Fianchetto Variation, Simagin Variation",1
"Alekhine Defense: Modern Variation, Panov Variation",1
"Italian Game: Two Knights Defense, Max Lange Attack, Krause Variation",1
Queen's Indian Defense: Fianchetto Traditional,1
"Sicilian Defense: Hyperaccelerated Pterodactyl, Exchange Variation",1
"Caro-Kann Defense: Advance Variation, Van der Wiel Attack, Dreyev Defense",1
"Ruy Lopez: Open, 6.d4",1
Irish Gambit,1
"Philidor Defense: Nimzowitsch Variation, Rellstab Variation",1
Russian Game: Kaufmann Attack,1
"Sicilian Defense: Smith-Morra Gambit Accepted, Morphy Defense",1
Sicilian Defense: Venice Attack,1
Queen's Gambit Declined: Westphalian Variation,1
"King's Gambit: Panteldakis Countergambit, Symmetrical Variation",1
"Sicilian Defense: Najdorf Variation, Dekker Gambit",1
Bogo-Indian Defense: Haiti Variation,1
"French Defense: Classical Variation, Richter Attack",1
Queen's Gambit Declined: Cambridge Springs Defense: 7.cxd5,1
"Queen's Gambit Declined: Orthodox Defense, Main Line",1
Polish Opening: Wolferts Gambit,1
"Queen's Gambit Declined: Tartakower Variation, Exchange Variation",1
Queen's Pawn Game: Englund Gambit,1
"Sicilian Defense: Wing Gambit, Abrahams Variation",1
"Sicilian Defense: Dragon, Classical, Grigoriev Variation",1
Old Indian Defense: Normal Variation,1
"Ruy Lopez: Morphy Defense, Mackenzie Variation",1
Owen Defense: Wind Gambit,1
Slav Defense: Breyer Variation,1
"Ruy Lopez: Schliemann Defense, Moehring Variation",1
"Englund Gambit Complex Declined, Diemer Counterattack",1
"English Opening: Symmetrical Variation, Three Knights Variation",1
Polish Opening: Zukertort System,1
"Queen's Pawn Game: Veresov Attack, Two Knights System, Gruenfeld Defense",1
"Vienna Game: Vienna Gambit, Pierce Gambit",1
"Benko Gambit Accepted, Fully Accepted Variation",1
"Ruy Lopez: Closed Variations, Bogoljubov Variation",1
"Queen's Indian Defense: Fianchetto Variation, Saemisch Variation",1
"King's Gambit Accepted, Kieseritzky Gambit, Brentano Defense",1
"Vienna Game: Vienna Gambit, Quelle Gambit",1
"Italian Game: Two Knights Defense, Maroczy Variation",1
Sicilian Defense: Grob Variation,1
Latvian Gambit: Greco Variation,1
"Sicilian Defense: Nimzowitsch Variation, Main Line",1
"French Defense: MacCutcheon Variation, Chigorin Variation",1
"Nimzo-Indian Defense: Normal Variation, Bishop Attack, Classical Defense",1
"Sicilian Defense: Najdorf Variation, Opocensky Variation, Traditional Line",1
King's Pawn Game: Schulze-Mueller Gambit,1
"French Defense: Tarrasch Variation, Pawn Center Variation",1
"Pterodactyl Defense: Eastern, Pterodactyl",1
Tarrasch Defense: Classical Variation,1
Bronstein Gambit,1
"Sicilian Defense: O'Kelly Variation, Reti System",1
Benoni Defense: Czech Benoni Defense,1
"Nimzowitsch Defense: Scandinavian Variation, Aachen Gambit",1
Queen's Gambit Accepted: Alekhine Defense,1
"Sicilian Defense: Classical Variation, Fianchetto Variation",1
"Nimzo-Indian Defense: Normal Variation, Schlechter Defense",1
"Russian Game: Classical Attack, Chigorin Variation, Main Line",1
"King's Indian Defense: Orthodox Variation, Positional Defense",1
"King's Gambit Accepted, Rosentreter-Testa Gambit",1
"Reti Opening: Anglo-Slav Variation, Capablanca Variation",1
French Defense: Franco-Hiva Gambit I Accepted,1
"King's Indian Defense: Saemisch Variation, Closed Variation",1
Scandinavian Defense: Portuguese Variation,1
Englund Gambit Complex: Zilbermints Gambit,1
"Italian Game: Evans Gambit, McDonnell Defense, Main Line",1
"Benoni Defense: Classical Variation, New York Variation",1
"Alekhine Defense: Modern Variation, Alekhine Variation",1
"French Defense: Rubinstein Variation, Kasparov Attack",1
"Benoni Defense: Four Pawns Attack, Main Line",1
French Defense: Henneberger Variation,1
"Queen's Gambit Accepted: Central Variation, Rubinstein Defense, Yefimov Gambit",1
"Ruy Lopez: Berlin Defense, l'Hermet Variation",1
"Scandinavian Defense: Anderssen Counterattack, Orthodox Attack",1
"Italian Game: Two Knights Defense, Blackburne Variation",1
"Englund Gambit Declined, Reversed Brooklyn",1
"King's Indian, Fianchetto, Classical Variation, 8.e4",1
St. George Defense: Zilbermints Gambit,1
"Sicilian Defense: Closed Variation, Korchnoi Defense",1
"King's Gambit, Falkbeer Countergambit, Pickler Gambit",1
Pirc Defense: Austrian Attack #2,1
"Italian Game: Evans Gambit, Lasker Defense",1
"Ruy Lopez: Closed Variations, Breyer Defense",1
"Nimzo-Indian Defense: Classical Variation, Keres Defense",1
Semi-Slav Defense: Semi-Meran Variation,1
Queen's Indian Defense: Anti-Queen's Indian System,1
Bishop's Opening: Warsaw Gambit,1
Rat Defense: Spike Attack,1
"Caro-Kann Defense: Classical Variation, Lobron System",1
"Italian Game: Giuoco Piano, Aitken Variation",1
King's Gambit Accepted: Ghulam-Kassim Gambit #2,1
"Ruy Lopez: Closed Variations, Closed Defense #2",1
"Reti Opening: Anglo-Slav Variation, Bogoljubov Variation, III",1
"Ruy Lopez: Open, 6.d4 b5",1
"Sicilian Defense: Smith-Morra Gambit Declined, Dubois Variation",1
"Sicilian Defense: Smith-Morra Gambit Accepted, Larsen Defense",1
"French Defense: Classical Variation, Tartakower Variation",1
Queen's Gambit Declined: Anti-Tartakower Variation,1
"Ruy Lopez: Closed Variations, Worrall Attack, Castling Line",1
Modern Defense: Improved Maroczy,1
"Benko Gambit Accepted, Dlugy Variation",1
"Gruenfeld Defense: Three Knights Variation, Vienna Variation",1
"Queen's Pawn Game: Veresov Attack, Two Knights System",1
Sicilian Defense: Kveinis Variation,1
"Ruy Lopez: Closed Variations, Center Attack",1
Gruenfeld Defense: Lutikov Variation,1
"Sicilian Defense: Kan Variation, Polugaevsky Variation",1
Alekhine Defense: O'Sullivan Gambit,1
"Ruy Lopez: Closed Variations, Balla Variation",1
"Nimzo-Indian Defense: Normal Variation, Gligoric System, Bernstein Defense",1
Budapest Defense: Fajarowicz-Steiner Variation,1
"Philidor Defense: Philidor Countergambit, del Rio Attack",1
"Ponziani Opening: Ponziani Countergambit, Schmidt Attack",1
"Ruy Lopez: Closed Variations, Keres Defense #2",1
Horwitz Defense: Zilbermints Gambit,1
"Sicilian Defense: Accelerated Dragon, Maroczy Bind, Gurgenidze Variation",1
Scandinavian Defense: Richter Variation,1
"Nimzo-Indian Defense: Leningrad Variation, Benoni Defense",1
Benoni Defense: Woozle,1
King's Indian Defense: Petrosian Variation,1
Queen's Gambit Accepted: Schwartz Defense,1
"Sicilian Defense: Najdorf Variation, Scheveningen Variation",1
Ware Defense: Snagglepuss Defense,1
Caro-Kann Defense: Ulysses Gambit,1
"King's Gambit Accepted, Kieseritzky Gambit, Cotter Gambit",1
"Caro-Kann Defense: Panov Attack, Fianchetto Defense, Fianchetto Gambit",1
Zukertort Opening: Herrstrom Gambit,1
Richter-Veresov Attack #2,1
"King's Gambit Accepted: Bishop's Gambit, Bledow Variation",1
"English Opening: King's English Variation, Four Knights Variation, Flexible Line",1
"Sicilian Defense: Dragon Variation, Yugoslav Attack, Soltis Variation",1
"Queen's Gambit Accepted: Classical Defense, Main Line",1
"French Defense: Advance Variation, Ruisdonk Gambit",1
"Philidor Defense: Hanham, Kmoch Variation",1
"Queen's Gambit Refused: Chigorin Defense, Exchange Variation, Costa's Line",1
"King's Gambit: Panteldakis Countergambit, Schiller's Defense",1
"King's Gambit Accepted: Allgaier, Schlechter Defense",1
Grob Opening: Double Grob,1
"Italian Game: Scotch Gambit, Anderssen Attack, Main Line",1
"Queen's Gambit Accepted: Alekhine Defense, Borisenko-Furman Variation",1
"Gruenfeld Defense: Russian Variation, Accelerated Variation",1
"Catalan Opening: Open Defense, Modern Sharp Variation",1
Benko Gambit: Zaitsev System,1
"Queen's Gambit Accepted: Classical Defense, Normal Line",1
"Ruy Lopez: Marshall Attack, Modern Variation",1
"Russian Game: Classical Attack, Jaenisch Variation",1
"Nimzo-Indian Defense: Classical Variation, Milner-Barry Variation",1
Indian Game: Dzindzi-Indian Defense,1
Grob Opening: Keene Defense,1
"Four Knights Game: Scotch Variation, Schmid Defense",1
"Nimzo-Indian Defense: Normal Variation, Huebner Deferred",1
"King's Pawn Game: Tayler Opening, Inverted Hanham",1
Zukertort Opening: The Walrus,1
Scotch Game: Horwitz Attack,1
"Nimzowitsch Defense: Scandinavian Variation, Bogoljubov Variation, Nimzowitsch Gambit",1
"Queen's Indian Defense: Kasparov-Petrosian Variation, Main Line",1
"Sicilian Defense: Alapin Variation, Barmen Defense, Endgame Variation",1
"Neo-Gruenfeld Defense, with 5.Nf3",1
"Vienna Game: Vienna Gambit, Cunningham Defense",1
Nimzo-Larsen Attack: Pachman Gambit,1
"English Opening: Anglo-Indian Defense, Nimzo-English",1
King's Indian Defense: Averbakh Variation,1
"King's Gambit Accepted, Muzio Gambit, Wild Muzio Gambit",1
Vienna Game: Giraffe Attack,1
"Reti Opening: Advance Variation, Michel Gambit",1
"King's Gambit Accepted, Greco Gambit",1
"Queen's Gambit Declined: Semi-Slav, Abrahams Variation",1
"Italian Game: Evans Gambit, Pierce Defense",1
"Sicilian Defense: Richter-Rauzer Variation, Neo-Modern Variation, Early Deviations",1
"Ruy Lopez: Berlin Defense, Rio de Janeiro Variation",1
"French Defense: Tarrasch Variation, Open System, Main Line",1
